Title,URL
Full Stack Junior Developer,"https://www.pracuj.pl/praca/full-stack-junior-developer-warszawa-grojecka-104,oferta,1003942065?s=809e3b03&searchId=MTc0MjMyNzcxMDQxMC4xMjIz"
Junior DevOps/Cloud Engineer,"https://www.pracuj.pl/praca/junior-devops-cloud-engineer-warszawa-twarda-18,oferta,1003918002?s=809e3b03&searchId=MTc0MjMyNzcxMDQxMC4xMjIz"
Młodszy Specjalista IT,"https://www.pracuj.pl/praca/mlodszy-specjalista-it-komorniki-gm-komorniki,oferta,1003961214?s=809e3b03&searchId=MTc0MjMyNzcxMDQxMC4xMjIz"
Junior Software Engineer,"https://www.pracuj.pl/praca/junior-software-engineer-gdynia-luzycka-8c,oferta,1003923572?s=809e3b03&searchId=MTc0MjMyNzcxMDQxMC4xMjIz"
IT Junior Service Desk Technician,"https://www.pracuj.pl/praca/it-junior-service-desk-technician-wroclaw,oferta,1003961025?s=809e3b03&searchId=MTc0MjMyNzcxMDQxMC4xMjIz"
Młodszy Analityk Biznesowy,"https://www.pracuj.pl/praca/mlodszy-analityk-biznesowy-wroclaw-dabrowskiego-44,oferta,1003976694?s=809e3b03&searchId=MTc0MjMyNzcxMDQxMC4xMjIz"
Software Engineer (Finance IT) (Investment Banking Tech),"https://www.pracuj.pl/praca/software-engineer-finance-it-investment-banking-tech-krakow-kapelanka-42a,oferta,1003941829?s=809e3b03&searchId=MTc0MjMyNzcxMDQxMC4xMjIz"
Junior AI DevOps Engineer,"https://www.pracuj.pl/praca/junior-ai-devops-engineer-warszawa-pulawska-180,oferta,1003976600?s=809e3b03&searchId=MTc0MjMyNzcxMDQxMC4xMjIz"
Junior Business Analyst,"https://www.pracuj.pl/praca/junior-business-analyst-warszawa,oferta,1003976593?s=809e3b03&searchId=MTc0MjMyNzcxMDQxMC4xMjIz"
IT Service Desk Agent L1 with German,"https://www.pracuj.pl/praca/it-service-desk-agent-l1-with-german-warszawa,oferta,1003917626?s=809e3b03&searchId=MTc0MjMyNzcxMDQxMC4xMjIz"
Technical Supporter with French - Networking,"https://www.pracuj.pl/praca/technical-supporter-with-french-networking-szczecin-plac-brama-portowa-1,oferta,1003941530?s=809e3b03&searchId=MTc0MjMyNzcxMDQxMC4xMjIz"
Junior SAP Success Factors Consultant,"https://www.pracuj.pl/praca/junior-sap-success-factors-consultant-gdansk-aleja-grunwaldzka-472d,oferta,1003941511?s=809e3b03&searchId=MTc0MjMyNzcxMDQxMC4xMjIz"
Technical Supporter with Dutch - Networking,"https://www.pracuj.pl/praca/technical-supporter-with-dutch-networking-szczecin-plac-brama-portowa-1,oferta,1003941510?s=809e3b03&searchId=MTc0MjMyNzcxMDQxMC4xMjIz"
Młodszy Administrator,"https://www.pracuj.pl/praca/mlodszy-administrator-warszawa,oferta,1003966346?s=809e3b03&searchId=MTc0MjMyNzcxMDQxMC4xMjIz"
Specjalista ds. Dokumentacji Technicznej,"https://www.pracuj.pl/praca/specjalista-ds-dokumentacji-technicznej-warszawa-dzialkowa-115a,oferta,1003941404?s=809e3b03&searchId=MTc0MjMyNzcxMDQxMC4xMjIz"
Junior Database Developer,"https://www.pracuj.pl/praca/junior-database-developer-warszawa-ostrobramska-77,oferta,1003941401?s=809e3b03&searchId=MTc0MjMyNzcxMDQxMC4xMjIz"
Programista systemów wbudowanych,"https://www.pracuj.pl/praca/programista-systemow-wbudowanych-opole-polnocna-6,oferta,1003941330?s=809e3b03&searchId=MTc0MjMyNzcxMDQxMC4xMjIz"
Services Monitoring Specialist (SOC),"https://www.pracuj.pl/praca/services-monitoring-specialist-soc-katowice-bracka-28a,oferta,1003960427?s=809e3b03&searchId=MTc0MjMyNzcxMDQxMC4xMjIz"
Junior ERP Application Developer,"https://www.pracuj.pl/praca/junior-erp-application-developer-krakow,oferta,1003976141?s=809e3b03&searchId=MTc0MjMyNzcxMDQxMC4xMjIz"
Młodszy Specjalista ds. przetwarzania danych/IT,"https://www.pracuj.pl/praca/mlodszy-specjalista-ds-przetwarzania-danych-it-gdansk-juliusza-slowackiego-196,oferta,1003976126?s=809e3b03&searchId=MTc0MjMyNzcxMDQxMC4xMjIz"
IT Network Administrator,"https://www.pracuj.pl/praca/it-network-administrator-krakow-wadowicka-3c,oferta,1003976118?s=809e3b03&searchId=MTc0MjMyNzcxMDQxMC4xMjIz"
Specjalista ds. Dokumentacji Technicznej i Testów,"https://www.pracuj.pl/praca/specjalista-ds-dokumentacji-technicznej-i-testow-warszawa-dzialkowa-115a,oferta,1003941268?s=809e3b03&searchId=MTc0MjMyNzcxMDQxMC4xMjIz"
Referent ds. service desk,"https://www.pracuj.pl/praca/referent-ds-service-desk-plock-aleja-marszalka-jozefa-pilsudskiego-41,oferta,1003963486?s=809e3b03&searchId=MTc0MjMyNzcxMDQxMC4xMjIz"
Junior Java/Kotlin Developer,"https://www.pracuj.pl/praca/junior-java-kotlin-developer-warszawa,oferta,1003941249?s=809e3b03&searchId=MTc0MjMyNzcxMDQxMC4xMjIz"
Junior Business Consultant with German,"https://www.pracuj.pl/praca/junior-business-consultant-with-german-poznan,oferta,1003960275?s=809e3b03&searchId=MTc0MjMyNzcxMDQxMC4xMjIz"
Localization Game Tester with Czech,"https://www.pracuj.pl/praca/localization-game-tester-with-czech-warszawa-poleczki-21a,oferta,1003976001?s=809e3b03&searchId=MTc0MjMyNzcxMDQxMC4xMjIz"
Stanowisko ds. Helpdesk,"https://www.pracuj.pl/praca/stanowisko-ds-helpdesk-poznan,oferta,1003934275?s=809e3b03&searchId=MTc0MjMyNzcxMDQxMC4xMjIz"
Junior Frontend Developer,"https://www.pracuj.pl/praca/junior-frontend-developer-katowice-chorzowska-148,oferta,1003960246?s=809e3b03&searchId=MTc0MjMyNzcxMDQxMC4xMjIz"
Junior Customer Support Specialist,"https://www.pracuj.pl/praca/junior-customer-support-specialist-krakow-pl-jana-nowaka-jezioranskiego-3,oferta,1003960228?s=809e3b03&searchId=MTc0MjMyNzcxMDQxMC4xMjIz"
Junior Product Specialist (Live Ops),"https://www.pracuj.pl/praca/junior-product-specialist-live-ops-wroclaw-generala-romualda-traugutta-45,oferta,1003965916?s=809e3b03&searchId=MTc0MjMyNzcxMDQxMC4xMjIz"
QA Engineer (Embedded Systems),"https://www.pracuj.pl/praca/qa-engineer-embedded-systems-zabierzow-pow-krakowski-krakowska-368,oferta,1003922545?s=809e3b03&searchId=MTc0MjMyNzcxMDQxMC4xMjIz"
Informatyk - Specjalista ds. wsparcia IT,"https://www.pracuj.pl/praca/informatyk-specjalista-ds-wsparcia-it-jelcz-laskowice-zachodnia-22,oferta,1003975666?s=809e3b03&searchId=MTc0MjMyNzcxMDQxMC4xMjIz"
Service Desk Engineer (Shared Services Support) with Greek,"https://www.pracuj.pl/praca/service-desk-engineer-shared-services-support-with-greek-gdansk,oferta,1003931215?s=809e3b03&searchId=MTc0MjMyNzcxMDQxMC4xMjIz"
Analityk ds. Jakości / Tester oprogramowania,"https://www.pracuj.pl/praca/analityk-ds-jakosci-tester-oprogramowania-wroclaw-legnicka-48f,oferta,1003956948?s=809e3b03&searchId=MTc0MjMyNzcxMDQxMC4xMjIz"
Junior Data Analyst,"https://www.pracuj.pl/praca/junior-data-analyst-poznan-weglowa-1-3,oferta,1003962578?s=809e3b03&searchId=MTc0MjMyNzcxMDQxMC4xMjIz"
Junior Operator with French,"https://www.pracuj.pl/praca/junior-operator-with-french-katowice,oferta,1003940358?s=809e3b03&searchId=MTc0MjMyNzcxMDQxMC4xMjIz"
Specjalista ds. ERP (Microsoft Dynamics 365 Business Central) – Międzynarodowe projekty,"https://www.pracuj.pl/praca/specjalista-ds-erp-microsoft-dynamics-365-business-central-miedzynarodowe-projek-opole-polnocna-28,oferta,1003965516?s=809e3b03&searchId=MTc0MjMyNzcxMDQxMC4xMjIz"
Młodszy Programista,"https://www.pracuj.pl/praca/mlodszy-programista-warszawa-sienna-75,oferta,1003965518?s=809e3b03&searchId=MTc0MjMyNzcxMDQxMC4xMjIz"
Digital Specialist HR-Analytics,"https://www.pracuj.pl/praca/digital-specialist-hr-analytics-lodz-lodowa-103,oferta,1003959562?s=809e3b03&searchId=MTc0MjMyNzcxMDQxMC4xMjIz"
Junior BI Developer,"https://www.pracuj.pl/praca/junior-bi-developer-warszawa-ksiedza-skorupki-5,oferta,1003960652?s=809e3b03&searchId=MTc0MjMyNzcxMDQxMC4xMjIz"
Technical Support Associate,"https://www.pracuj.pl/praca/technical-support-associate-warszawa-zygmunta-slominskiego-15,oferta,1003922087?s=809e3b03&searchId=MTc0MjMyNzcxMDQxMC4xMjIz"
Młodszy Analityk Systemowy (k/m/d),"https://www.pracuj.pl/praca/mlodszy-analityk-systemowy-k-m-d-poznan-malachowskiego-10,oferta,1003940078?s=809e3b03&searchId=MTc0MjMyNzcxMDQxMC4xMjIz"
Junior Linux Administrator,"https://www.pracuj.pl/praca/junior-linux-administrator-opole-technologiczna-4,oferta,1003975232?s=809e3b03&searchId=MTc0MjMyNzcxMDQxMC4xMjIz"
Junior Technical Implementation Engineer,"https://www.pracuj.pl/praca/junior-technical-implementation-engineer-gdansk-jana-palubickiego-2,oferta,1003930850?s=809e3b03&searchId=MTc0MjMyNzcxMDQxMC4xMjIz"
Analityk danych – młodszy / doświadczony specjalista Analityczka danych – młodsza / doświadczona specjalistka,"https://www.pracuj.pl/praca/analityk-danych-mlodszy-doswiadczony-specjalista-analityczka-danych-mlodsza-dosw-warszawa-aleja-niepodleglosci-188b,oferta,1003959351?s=809e3b03&searchId=MTc0MjMyNzcxMDQxMC4xMjIz"
Junior Software Tester (Salesforce),"https://www.pracuj.pl/praca/junior-software-tester-salesforce-warszawa-woloska-22,oferta,1003939870?s=809e3b03&searchId=MTc0MjMyNzcxMDQxMC4xMjIz"
Junior Salesforce Developer,"https://www.pracuj.pl/praca/junior-salesforce-developer-warszawa-woloska-22,oferta,1003939874?s=809e3b03&searchId=MTc0MjMyNzcxMDQxMC4xMjIz"
Junior UI Designer and Web Developer,"https://www.pracuj.pl/praca/junior-ui-designer-and-web-developer-poznan-jana-henryka-dabrowskiego-29,oferta,1003939825?s=809e3b03&searchId=MTc0MjMyNzcxMDQxMC4xMjIz"
Junior Business Systems Analyst,"https://www.pracuj.pl/praca/junior-business-systems-analyst-warszawa-sienna-75,oferta,1003964933?s=809e3b03&searchId=MTc0MjMyNzcxMDQxMC4xMjIz"
Junior IT Administrator,"https://www.pracuj.pl/praca/junior-it-administrator-krakow-zablocie-43a,oferta,1003916099?s=809e3b03&searchId=MTc0MjMyNzcxMDQxMC4xMjIz"
Software Engineer II - Frontend,"https://www.pracuj.pl/praca/software-engineer-ii-frontend-warszawa-emilii-plater-53,oferta,1003921647?s=809e3b03&searchId=MTc0MjMyNzcxMDQxMC4xMjIz"
Junior Architecture/ management consultant,"https://www.pracuj.pl/praca/junior-architecture-management-consultant-warszawa,oferta,1003974755?s=809e3b03&searchId=MTc0MjMyNzcxMDQxMC4xMjIz"
Młodszy programista .NET,"https://www.pracuj.pl/praca/mlodszy-programista-net-nowy-sacz-wegierska-28,oferta,1003916017?s=809e3b03&searchId=MTc0MjMyNzcxMDQxMC4xMjIz"
Młodszy Specjalista ds. IT,"https://www.pracuj.pl/praca/mlodszy-specjalista-ds-it-sroda-wielkopolska,oferta,1003959029?s=809e3b03&searchId=MTc0MjMyNzcxMDQxMC4xMjIz"
Młodszy konsultant wsparcia systemu ERP – enova365,"https://www.pracuj.pl/praca/mlodszy-konsultant-wsparcia-systemu-erp-enova365-krakow-wadowicka-8a,oferta,1003974724?s=809e3b03&searchId=MTc0MjMyNzcxMDQxMC4xMjIz"
Software Engineer II - XBorg,"https://www.pracuj.pl/praca/software-engineer-ii-xborg-warszawa-emilii-plater-53,oferta,1003921542?s=809e3b03&searchId=MTc0MjMyNzcxMDQxMC4xMjIz"
"Software Engineer - Early Career, Cloud AI","https://www.pracuj.pl/praca/software-engineer-early-career-cloud-ai-warszawa-emilii-plater-53,oferta,1003921460?s=809e3b03&searchId=MTc0MjMyNzcxMDQxMC4xMjIz"
Software Engineer II - Chrome Sync Server,"https://www.pracuj.pl/praca/software-engineer-ii-chrome-sync-server-warszawa-emilii-plater-53,oferta,1003921450?s=809e3b03&searchId=MTc0MjMyNzcxMDQxMC4xMjIz"
IAM Support,"https://www.pracuj.pl/praca/iam-support-warszawa,oferta,1003948816?s=809e3b03&searchId=MTc0MjMyNzcxMDQxMC4xMjIz"
Informatyk - Młodszy Specjalista HelpDesk,"https://www.pracuj.pl/praca/informatyk-mlodszy-specjalista-helpdesk-nowy-sacz,oferta,1003974495?s=809e3b03&searchId=MTc0MjMyNzcxMDQxMC4xMjIz"
Croatian-English Travel Customer Service in support of Booking.com,"https://www.pracuj.pl/praca/croatian-english-travel-customer-service-in-support-of-booking-com-greece,oferta,11188240?s=809e3b03&searchId=MTc0MjMyNzcxMDQxMC4xMjIz"
Specjalista / Specjalistka ds. Zarządzania Projektami IT - Opiekun Klienta,"https://www.pracuj.pl/praca/specjalista-specjalistka-ds-zarzadzania-projektami-it-opiekun-klienta-krakow-juliusza-lea-64,oferta,1003964499?s=809e3b03&searchId=MTc0MjMyNzcxMDQxMC4xMjIz"
Specjalista / Specjalistka ds. doświadczenia użytkownika digital (UI/UX),"https://www.pracuj.pl/praca/specjalista-specjalistka-ds-doswiadczenia-uzytkownika-digital-ui-ux-lodz-plk-jana-kilinskiego-74,oferta,1003921293?s=809e3b03&searchId=MTc0MjMyNzcxMDQxMC4xMjIz"
Młodszy Programista PHP,"https://www.pracuj.pl/praca/mlodszy-programista-php-lodz-obywatelska-128-152,oferta,1003924663?s=809e3b03&searchId=MTc0MjMyNzcxMDQxMC4xMjIz"
Młodszy Informatyk / HelpDesk,"https://www.pracuj.pl/praca/mlodszy-informatyk-helpdesk-ostrowiec-swietokrzyski-eugeniusza-kwiatkowskiego-20,oferta,1003939177?s=809e3b03&searchId=MTc0MjMyNzcxMDQxMC4xMjIz"
Młodszy specjalista ds. wsparcia systemowego,"https://www.pracuj.pl/praca/mlodszy-specjalista-ds-wsparcia-systemowego-wadowice-fryderyka-chopina-10,oferta,1003939180?s=809e3b03&searchId=MTc0MjMyNzcxMDQxMC4xMjIz"
Młodszy Specjalista ds. Supportu IT,"https://www.pracuj.pl/praca/mlodszy-specjalista-ds-supportu-it-warszawa,oferta,1003939164?s=809e3b03&searchId=MTc0MjMyNzcxMDQxMC4xMjIz"
Kotlin/Android Developer,"https://www.pracuj.pl/praca/kotlin-android-developer-poznan-wierzbiecice-1b,oferta,1003942431?s=809e3b03&searchId=MTc0MjMyNzcxMDQxMC4xMjIz"
Młodszy Specjalista IT,"https://www.pracuj.pl/praca/mlodszy-specjalista-it-marki-szkolna-45,oferta,1003939080?s=809e3b03&searchId=MTc0MjMyNzcxMDQxMC4xMjIz"
DBA Engineer (Oracle),"https://www.pracuj.pl/praca/dba-engineer-oracle-krakow-profesora-michala-zyczkowskiego-14,oferta,1003948473?s=809e3b03&searchId=MTc0MjMyNzcxMDQxMC4xMjIz"
IT Support Specialist,"https://www.pracuj.pl/praca/it-support-specialist-gdynia-sportowa-8b,oferta,1003915553?s=809e3b03&searchId=MTc0MjMyNzcxMDQxMC4xMjIz"
Data Manager,"https://www.pracuj.pl/praca/data-manager-kolbuszowa-handlowa-2a,oferta,1003964209?s=809e3b03&searchId=MTc0MjMyNzcxMDQxMC4xMjIz"
Młodszy Programista .Net,"https://www.pracuj.pl/praca/mlodszy-programista-net-krakow-puszkarska-7f,oferta,1003974007?s=809e3b03&searchId=MTc0MjMyNzcxMDQxMC4xMjIz"
Młodszy Programista - Młodszy Specjalista ds. IT,"https://www.pracuj.pl/praca/mlodszy-programista-mlodszy-specjalista-ds-it-warszawa-jozefa-bema-83,oferta,1003973983?s=809e3b03&searchId=MTc0MjMyNzcxMDQxMC4xMjIz"
Młodszy specjalista ds. wsparcia IT,"https://www.pracuj.pl/praca/mlodszy-specjalista-ds-wsparcia-it-bydgoszcz-zygmunta-augusta-11,oferta,1003932700?s=809e3b03&searchId=MTc0MjMyNzcxMDQxMC4xMjIz"
Programista PHP / Magento,"https://www.pracuj.pl/praca/programista-php-magento-bydgoszcz-fordonska-199,oferta,1003920937?s=809e3b03&searchId=MTc0MjMyNzcxMDQxMC4xMjIz"
Programista C / C++ / Linux / Embedded,"https://www.pracuj.pl/praca/programista-c-c%2b%2b-linux-embedded-bydgoszcz,oferta,1003938385?s=809e3b03&searchId=MTc0MjMyNzcxMDQxMC4xMjIz"
Specjalista Helpdesk IT,"https://www.pracuj.pl/praca/specjalista-helpdesk-it-warszawa-aleje-jerozolimskie-142b,oferta,1003973793?s=809e3b03&searchId=MTc0MjMyNzcxMDQxMC4xMjIz"
młodszy specjalista/młodsza specjalistka ds. utrzymania i rozwoju bankowości internetowej,"https://www.pracuj.pl/praca/mlodszy-specjalista-mlodsza-specjalistka-ds-utrzymania-i-rozwoju-bankowosci-inte-poznan-szarych-szeregow-23a,oferta,1003942084?s=809e3b03&searchId=MTc0MjMyNzcxMDQxMC4xMjIz"
Pracownik działu serwisu - wsparcie techniczne,"https://www.pracuj.pl/praca/pracownik-dzialu-serwisu-wsparcie-techniczne-wroclaw-zawiszy-czarnego-121,oferta,1003973765?s=809e3b03&searchId=MTc0MjMyNzcxMDQxMC4xMjIz"
Techniczny Analityk Biznesowy,"https://www.pracuj.pl/praca/techniczny-analityk-biznesowy-wroclaw-legnicka-48f,oferta,1003942249?s=809e3b03&searchId=MTc0MjMyNzcxMDQxMC4xMjIz"
Senior Full Stack Engineer,"https://www.pracuj.pl/praca/senior-full-stack-engineer-wroclaw-mosiezna-23,oferta,1003966985?s=809e3b03&searchId=MTc0MjMyNzcxMDQxMC4xMjIz"
Specjalista IT ds. wsparcia aplikacji produkcyjnych,"https://www.pracuj.pl/praca/specjalista-it-ds-wsparcia-aplikacji-produkcyjnych-bazanowice-pow-cieszynski,oferta,1003958203?s=809e3b03&searchId=MTc0MjMyNzcxMDQxMC4xMjIz"
Localization Quality Assurance (LQA) Game Tester - all languages,"https://www.pracuj.pl/praca/localization-quality-assurance-lqa-game-tester-all-languages-warszawa-lopuszanska-95,oferta,1003958196?s=809e3b03&searchId=MTc0MjMyNzcxMDQxMC4xMjIz"
Service Desk Agent (IT Support),"https://www.pracuj.pl/praca/service-desk-agent-it-support-warszawa-tasmowa-10,oferta,1003973687?s=809e3b03&searchId=MTc0MjMyNzcxMDQxMC4xMjIz"
.NET Junior Developer,"https://www.pracuj.pl/praca/net-junior-developer-torun-jeczmienna-21,oferta,1003973635?s=809e3b03&searchId=MTc0MjMyNzcxMDQxMC4xMjIz"
Customer Support Specialist to Payment Methods (with French),"https://www.pracuj.pl/praca/customer-support-specialist-to-payment-methods-with-french-warszawa-prosta-68,oferta,1003932188?s=809e3b03&searchId=MTc0MjMyNzcxMDQxMC4xMjIz"
Customer Onboarding Specialist with French (fixed - term contract),"https://www.pracuj.pl/praca/customer-onboarding-specialist-with-french-fixed-term-contract-warszawa-prosta-68,oferta,1003932151?s=809e3b03&searchId=MTc0MjMyNzcxMDQxMC4xMjIz"
Młodszy specjalista ds. IT,"https://www.pracuj.pl/praca/mlodszy-specjalista-ds-it-warszawa-cyprysowa-23b,oferta,1003973411?s=809e3b03&searchId=MTc0MjMyNzcxMDQxMC4xMjIz"
Programista .NET,"https://www.pracuj.pl/praca/programista-net-warszawa-piekna-19,oferta,1003969542?s=809e3b03&searchId=MTc0MjMyNzcxMDQxMC4xMjIz"
Java Developer,"https://www.pracuj.pl/praca/java-developer-warszawa-krakowiakow-42,oferta,1003953872?s=809e3b03&searchId=MTc0MjMyNzcxMDQxMC4xMjIz"
Pracownik biurowy / Asystent ds. informatycznych,"https://www.pracuj.pl/praca/pracownik-biurowy-asystent-ds-informatycznych-warszawa-kujawska-1,oferta,1003963451?s=809e3b03&searchId=MTc0MjMyNzcxMDQxMC4xMjIz"
Administrator Systemu SAP,"https://www.pracuj.pl/praca/administrator-systemu-sap-janki-pow-pruszkowski,oferta,1003953770?s=809e3b03&searchId=MTc0MjMyNzcxMDQxMC4xMjIz"
Młodszy/a Specjalista/ka (Specjalista/ka) ds. Automatyzacji,"https://www.pracuj.pl/praca/mlodszy-a-specjalista-ka-specjalista-ka-ds-automatyzacji-piekary-slaskie,oferta,1003941436?s=809e3b03&searchId=MTc0MjMyNzcxMDQxMC4xMjIz"
Cryptocurrency Research and Communications Analyst,"https://www.pracuj.pl/praca/cryptocurrency-research-and-communications-analyst-krakow-fabryczna-1,oferta,1003957739?s=809e3b03&searchId=MTc0MjMyNzcxMDQxMC4xMjIz"
Junior Master Data Specialist (Maternity Cover),"https://www.pracuj.pl/praca/junior-master-data-specialist-maternity-cover-krakow-aleja-jana-pawla-ii-43a,oferta,1003950629?s=809e3b03&searchId=MTc0MjMyNzcxMDQxMC4xMjIz"
Młodszy Specjalista ds. usług telekomunikacyjnych,"https://www.pracuj.pl/praca/mlodszy-specjalista-ds-uslug-telekomunikacyjnych-gdansk,oferta,1003957711?s=809e3b03&searchId=MTc0MjMyNzcxMDQxMC4xMjIz"
Junior iOS Developer,"https://www.pracuj.pl/praca/junior-ios-developer-lodz-andrzeja-struga-78,oferta,1003969279?s=809e3b03&searchId=MTc0MjMyNzcxMDQxMC4xMjIz"
Junior Android Developer,"https://www.pracuj.pl/praca/junior-android-developer-lodz-andrzeja-struga-78,oferta,1003969274?s=809e3b03&searchId=MTc0MjMyNzcxMDQxMC4xMjIz"
Młodszy Administrator SAP Basis,"https://www.pracuj.pl/praca/mlodszy-administrator-sap-basis-wadowice,oferta,1003919799?s=809e3b03&searchId=MTc0MjMyNzcxMDQxMC4xMjIz"
Młodszy Specjalista w dziale badawczo-rozwojowym (R&D),"https://www.pracuj.pl/praca/mlodszy-specjalista-w-dziale-badawczo-rozwojowym-r-d-warszawa,oferta,1003963001?s=809e3b03&searchId=MTc0MjMyNzcxMDQxMC4xMjIz"
Młodszy Programista / Młodsza Programistka,"https://www.pracuj.pl/praca/mlodszy-programista-mlodsza-programistka-lodz-krokusowa-3,oferta,1003965956?s=809e3b03&searchId=MTc0MjMyNzcxMDQxMC4xMjIz"
Quality Assurance Engineer,"https://www.pracuj.pl/praca/quality-assurance-engineer-zabierzow-pow-krakowski-krakowska-368,oferta,1003972670?s=809e3b03&searchId=MTc0MjMyNzcxMDQxMC4xMjIz"
Junior Embedded System Developer,"https://www.pracuj.pl/praca/junior-embedded-system-developer-gdansk-piastowska-7,oferta,1003914013?s=809e3b03&searchId=MTc0MjMyNzcxMDQxMC4xMjIz"
Inżynier rozwoju systemów (C++),"https://www.pracuj.pl/praca/inzynier-rozwoju-systemow-c%2b%2b-poznan-rubiez-46,oferta,1003913975?s=809e3b03&searchId=MTc0MjMyNzcxMDQxMC4xMjIz"
FullStack Developer,"https://www.pracuj.pl/praca/fullstack-developer-sekocin-stary-pow-pruszkowski-logistyczna-7,oferta,1003952893?s=809e3b03&searchId=MTc0MjMyNzcxMDQxMC4xMjIz"
Młodszy Specjalista ds. IT,"https://www.pracuj.pl/praca/mlodszy-specjalista-ds-it-poznan-wolczynska-37,oferta,1003972375?s=809e3b03&searchId=MTc0MjMyNzcxMDQxMC4xMjIz"
Software Engineer for satellite missions,"https://www.pracuj.pl/praca/software-engineer-for-satellite-missions-warszawa,oferta,1003962673?s=809e3b03&searchId=MTc0MjMyNzcxMDQxMC4xMjIz"
Software IVV Engineer for satellite missions,"https://www.pracuj.pl/praca/software-ivv-engineer-for-satellite-missions-warszawa,oferta,1003962671?s=809e3b03&searchId=MTc0MjMyNzcxMDQxMC4xMjIz"
Software cal/val Engineer for satellite missions,"https://www.pracuj.pl/praca/software-cal-val-engineer-for-satellite-missions-warszawa,oferta,1003962670?s=809e3b03&searchId=MTc0MjMyNzcxMDQxMC4xMjIz"
Full Stack Engineer (Junior),"https://www.pracuj.pl/praca/full-stack-engineer-junior-wroclaw-mosiezna-23,oferta,1003940427?s=809e3b03&searchId=MTc0MjMyNzcxMDQxMC4xMjIz"
SOC Operator,"https://www.pracuj.pl/praca/soc-operator-warszawa-grzybowska-62,oferta,1003952853?s=809e3b03&searchId=MTc0MjMyNzcxMDQxMC4xMjIz"
Specjalista ds. utrzymania oprogramowania,"https://www.pracuj.pl/praca/specjalista-ds-utrzymania-oprogramowania-czestochowa-tadeusza-rejtana-33a,oferta,1003949830?s=809e3b03&searchId=MTc0MjMyNzcxMDQxMC4xMjIz"
Referent ds. technicznych,"https://www.pracuj.pl/praca/referent-ds-technicznych-warszawa-annopol-3,oferta,1003940246?s=809e3b03&searchId=MTc0MjMyNzcxMDQxMC4xMjIz"
Mobilny technik serwisu,"https://www.pracuj.pl/praca/mobilny-technik-serwisu-wroclaw,oferta,1003972097?s=809e3b03&searchId=MTc0MjMyNzcxMDQxMC4xMjIz"
Junior IT implementation engineer,"https://www.pracuj.pl/praca/junior-it-implementation-engineer-poznan,oferta,1003956579?s=809e3b03&searchId=MTc0MjMyNzcxMDQxMC4xMjIz"
Junior Application Specialist Data Catalog,"https://www.pracuj.pl/praca/junior-application-specialist-data-catalog-warszawa-jutrzenki-105,oferta,1003972063?s=809e3b03&searchId=MTc0MjMyNzcxMDQxMC4xMjIz"
Specjalista ds. wsparcia IT z językiem niemieckim,"https://www.pracuj.pl/praca/specjalista-ds-wsparcia-it-z-jezykiem-niemieckim-krakow-wadowicka-3b,oferta,1003952571?s=809e3b03&searchId=MTc0MjMyNzcxMDQxMC4xMjIz"
Specjalista / Specjalistka ds. Monitoringu i Wsparcia IT,"https://www.pracuj.pl/praca/specjalista-specjalistka-ds-monitoringu-i-wsparcia-it-myslowice-obrzezna-zachodnia-37,oferta,1003952558?s=809e3b03&searchId=MTc0MjMyNzcxMDQxMC4xMjIz"
Specjalista ds. bezpieczeństwa IT,"https://www.pracuj.pl/praca/specjalista-ds-bezpieczenstwa-it-warszawa-leszno-14,oferta,1003972024?s=809e3b03&searchId=MTc0MjMyNzcxMDQxMC4xMjIz"
Młodszy Specjalista ds. Wsparcia IT,"https://www.pracuj.pl/praca/mlodszy-specjalista-ds-wsparcia-it-lodz-piotrkowska-157,oferta,1003952484?s=809e3b03&searchId=MTc0MjMyNzcxMDQxMC4xMjIz"
DevOps Engineer,"https://www.pracuj.pl/praca/devops-engineer-lodz,oferta,1003946249?s=809e3b03&searchId=MTc0MjMyNzcxMDQxMC4xMjIz"
Junior IT Specialist,"https://www.pracuj.pl/praca/junior-it-specialist-pruszkow-3-maja-8,oferta,1003971882?s=809e3b03&searchId=MTc0MjMyNzcxMDQxMC4xMjIz"
Administratorka / Administrator Systemów,"https://www.pracuj.pl/praca/administratorka-administrator-systemow-piechcin-pow-zninski,oferta,1003971875?s=809e3b03&searchId=MTc0MjMyNzcxMDQxMC4xMjIz"
Konsultant ds. Helpdesk - II Linia Wsparcia,"https://www.pracuj.pl/praca/konsultant-ds-helpdesk-ii-linia-wsparcia-katowice-1-maja-133,oferta,1003956224?s=809e3b03&searchId=MTc0MjMyNzcxMDQxMC4xMjIz"
Client Support Specialist with French,"https://www.pracuj.pl/praca/client-support-specialist-with-french-wroclaw-na-ostatnim-groszu-3,oferta,1003918703?s=809e3b03&searchId=MTc0MjMyNzcxMDQxMC4xMjIz"
Business Technical Services Analyst,"https://www.pracuj.pl/praca/business-technical-services-analyst-warszawa,oferta,1003956168?s=809e3b03&searchId=MTc0MjMyNzcxMDQxMC4xMjIz"
Full-Stack Developer (.NET + Angular),"https://www.pracuj.pl/praca/full-stack-developer-net-%2b-angular-szczecin-cyfrowa-6,oferta,1003918676?s=809e3b03&searchId=MTc0MjMyNzcxMDQxMC4xMjIz"
Junior Implementation Specialist,"https://www.pracuj.pl/praca/junior-implementation-specialist-krakow-czerwone-maki-87,oferta,1003913240?s=809e3b03&searchId=MTc0MjMyNzcxMDQxMC4xMjIz"
Junior Automation & AI Engineer,"https://www.pracuj.pl/praca/junior-automation-ai-engineer-kajetany-pow-pruszkowski-klonowa-48,oferta,1003918525?s=809e3b03&searchId=MTc0MjMyNzcxMDQxMC4xMjIz"
Programista Java,"https://www.pracuj.pl/praca/programista-java-poznan-dabrowskiego-29,oferta,1003971455?s=809e3b03&searchId=MTc0MjMyNzcxMDQxMC4xMjIz"
Software Engineer Junior,"https://www.pracuj.pl/praca/software-engineer-junior-warszawa-sienna-75,oferta,1003961619?s=809e3b03&searchId=MTc0MjMyNzcxMDQxMC4xMjIz"
Administrator Sieci AD,"https://www.pracuj.pl/praca/administrator-sieci-ad-warszawa-dzieci-warszawy-48,oferta,1003948728?s=809e3b03&searchId=MTc0MjMyNzcxMDQxMC4xMjIz"
Junior Technical Implementation Specialist,"https://www.pracuj.pl/praca/junior-technical-implementation-specialist-krakow-fabryczna-20a,oferta,1003930267?s=809e3b03&searchId=MTc0MjMyNzcxMDQxMC4xMjIz"
UI Designer,"https://www.pracuj.pl/praca/ui-designer-warszawa-aleja-jana-pawla-ii-27,oferta,1003955528?s=809e3b03&searchId=MTc0MjMyNzcxMDQxMC4xMjIz"
Service Desk Analyst with Spanish and Polish,"https://www.pracuj.pl/praca/service-desk-analyst-with-spanish-and-polish-gdansk,oferta,1003927578?s=809e3b03&searchId=MTc0MjMyNzcxMDQxMC4xMjIz"
Technical Support Associate I with Spanish,"https://www.pracuj.pl/praca/technical-support-associate-i-with-spanish-katowice,oferta,1003882547?s=809e3b03&searchId=MTc0MjMyNzcxMDQxMC4xMjIz"
Młodszy Konsultant - Consulting,"https://www.pracuj.pl/praca/mlodszy-konsultant-consulting-warszawa-postepu-21,oferta,1003930187?s=809e3b03&searchId=MTc0MjMyNzcxMDQxMC4xMjIz"
.NET Back-end Developer - Application Engineer,"https://www.pracuj.pl/praca/net-back-end-developer-application-engineer-wroclaw,oferta,1003955484?s=809e3b03&searchId=MTc0MjMyNzcxMDQxMC4xMjIz"
Video Games Tester,"https://www.pracuj.pl/praca/video-games-tester-warszawa-konstruktorska-13,oferta,1003971229?s=809e3b03&searchId=MTc0MjMyNzcxMDQxMC4xMjIz"
Młodszy/-a Specjalista/-ka ds. Wsparcia Operacyjnego i Analiz,"https://www.pracuj.pl/praca/mlodszy-a-specjalista-ka-ds-wsparcia-operacyjnego-i-analiz-warszawa-aleje-jerozolimskie-212,oferta,1003971220?s=809e3b03&searchId=MTc0MjMyNzcxMDQxMC4xMjIz"
Młodszy Specjalista ds. IT,"https://www.pracuj.pl/praca/mlodszy-specjalista-ds-it-lodz,oferta,1003955380?s=809e3b03&searchId=MTc0MjMyNzcxMDQxMC4xMjIz"
Specjalista ds. Wsparcia IT,"https://www.pracuj.pl/praca/specjalista-ds-wsparcia-it-lodz-gdanska-54,oferta,1003939028?s=809e3b03&searchId=MTc0MjMyNzcxMDQxMC4xMjIz"
Help Desk Support Specialist,"https://www.pracuj.pl/praca/help-desk-support-specialist-warszawa,oferta,1003971057?s=809e3b03&searchId=MTc0MjMyNzcxMDQxMC4xMjIz"
Help Desk Support Specialist,"https://www.pracuj.pl/praca/help-desk-support-specialist-krakow-lubicz-23a,oferta,1003971055?s=809e3b03&searchId=MTc0MjMyNzcxMDQxMC4xMjIz"
Młodszy specjalista IT,"https://www.pracuj.pl/praca/mlodszy-specjalista-it-warszawa-chelmzynska-249,oferta,1003970893?s=809e3b03&searchId=MTc0MjMyNzcxMDQxMC4xMjIz"
Analityk Wsparcia Aplikacji,"https://www.pracuj.pl/praca/analityk-wsparcia-aplikacji-wroclaw-legnicka-48f,oferta,1003918045?s=809e3b03&searchId=MTc0MjMyNzcxMDQxMC4xMjIz"
Technical Support Agent with Dutch & English,"https://www.pracuj.pl/praca/technical-support-agent-with-dutch-english-krakow,oferta,1003938133?s=809e3b03&searchId=MTc0MjMyNzcxMDQxMC4xMjIz"
Webmaster,"https://www.pracuj.pl/praca/webmaster-palmiry-pow-nowodworski,oferta,1003951453?s=809e3b03&searchId=MTc0MjMyNzcxMDQxMC4xMjIz"
Konsultant /-tka - wdrożeniowiec systemu WMS,"https://www.pracuj.pl/praca/konsultant-tka-wdrozeniowiec-systemu-wms-krakow-karola-bunscha-18,oferta,1003948261?s=809e3b03&searchId=MTc0MjMyNzcxMDQxMC4xMjIz"
Pracownik działu IT - Helpdesk,"https://www.pracuj.pl/praca/pracownik-dzialu-it-helpdesk-bydgoszcz-fordonska-21,oferta,1003955032?s=809e3b03&searchId=MTc0MjMyNzcxMDQxMC4xMjIz"
Młodszy Specjalista Wsparcia Usług ICT,"https://www.pracuj.pl/praca/mlodszy-specjalista-wsparcia-uslug-ict-katowice-ceglana-4,oferta,1003951281?s=809e3b03&searchId=MTc0MjMyNzcxMDQxMC4xMjIz"
Młodszy Analityk IT (obszar kart płatniczych),"https://www.pracuj.pl/praca/mlodszy-analityk-it-obszar-kart-platniczych-warszawa-stanislawa-zaryna-2a,oferta,1003927139?s=809e3b03&searchId=MTc0MjMyNzcxMDQxMC4xMjIz"
Junior Tester /-ka Automatyzujący /-a - OneView,"https://www.pracuj.pl/praca/junior-tester-ka-automatyzujacy-a-oneview-warszawa-marynarska-12,oferta,1003951272?s=809e3b03&searchId=MTc0MjMyNzcxMDQxMC4xMjIz"
IT Desktop Support Specialist,"https://www.pracuj.pl/praca/it-desktop-support-specialist-krakow-promienistych-1,oferta,1003951160?s=809e3b03&searchId=MTc0MjMyNzcxMDQxMC4xMjIz"
Młodszy Administrator Systemów IT,"https://www.pracuj.pl/praca/mlodszy-administrator-systemow-it-duchnow-pow-otwocki-spacerowa-18,oferta,1003951131?s=809e3b03&searchId=MTc0MjMyNzcxMDQxMC4xMjIz"
Specjalista Wsparcia Technicznego - IT Support Specialist,"https://www.pracuj.pl/praca/specjalista-wsparcia-technicznego-it-support-specialist-szczecin-aleja-niepodleglosci-26,oferta,1003912122?s=809e3b03&searchId=MTc0MjMyNzcxMDQxMC4xMjIz"
Junior Java Developer | Branża Ubezpieczeniowa |,"https://www.pracuj.pl/praca/junior-java-developer-branza-ubezpieczeniowa-warszawa,oferta,1003947612?s=809e3b03&searchId=MTc0MjMyNzcxMDQxMC4xMjIz"
Junior IT Consultant & Developer,"https://www.pracuj.pl/praca/junior-it-consultant-developer-warszawa-postepu-17a,oferta,1003917599?s=809e3b03&searchId=MTc0MjMyNzcxMDQxMC4xMjIz"
Service Desk Engineer with Swedish,"https://www.pracuj.pl/praca/service-desk-engineer-with-swedish-krakow,oferta,1003966651?s=809e3b03&searchId=MTc0MjMyNzcxMDQxMC4xMjIz"
Service Desk Engineer with Italian,"https://www.pracuj.pl/praca/service-desk-engineer-with-italian-krakow,oferta,1003966653?s=809e3b03&searchId=MTc0MjMyNzcxMDQxMC4xMjIz"
Service Desk Engineer with Danish,"https://www.pracuj.pl/praca/service-desk-engineer-with-danish-krakow,oferta,1003966647?s=809e3b03&searchId=MTc0MjMyNzcxMDQxMC4xMjIz"
Service Desk Engineer with Finnish,"https://www.pracuj.pl/praca/service-desk-engineer-with-finnish-krakow,oferta,1003966648?s=809e3b03&searchId=MTc0MjMyNzcxMDQxMC4xMjIz"
Młodszy Specjalista ds. Wsparcia Technicznego IT,"https://www.pracuj.pl/praca/mlodszy-specjalista-ds-wsparcia-technicznego-it-lodz-rozalii-1,oferta,1003950723?s=809e3b03&searchId=MTc0MjMyNzcxMDQxMC4xMjIz"
Mobilny technik serwisu,"https://www.pracuj.pl/praca/mobilny-technik-serwisu-zielona-gora,oferta,1003963259?s=809e3b03&searchId=MTc0MjMyNzcxMDQxMC4xMjIz"
Developer Webcon,"https://www.pracuj.pl/praca/developer-webcon-warszawa,oferta,1003917322?s=809e3b03&searchId=MTc0MjMyNzcxMDQxMC4xMjIz"
Junior ServiceNow Administrator with French,"https://www.pracuj.pl/praca/junior-servicenow-administrator-with-french-katowice,oferta,1003922974?s=809e3b03&searchId=MTc0MjMyNzcxMDQxMC4xMjIz"
Młodszy Specjalista ds. Wsparcia (systemy Low Code),"https://www.pracuj.pl/praca/mlodszy-specjalista-ds-wsparcia-systemy-low-code-poznan-stablewskiego-47,oferta,1003917192?s=809e3b03&searchId=MTc0MjMyNzcxMDQxMC4xMjIz"
R&D Network / DevOps Engineer,"https://www.pracuj.pl/praca/r-d-network-devops-engineer-wroclaw,oferta,1003922803?s=809e3b03&searchId=MTc0MjMyNzcxMDQxMC4xMjIz"
Junior Business Analyst,"https://www.pracuj.pl/praca/junior-business-analyst-krakow-fabryczna-1a,oferta,1003966036?s=809e3b03&searchId=MTc0MjMyNzcxMDQxMC4xMjIz"
Junior Fullstack Developer,"https://www.pracuj.pl/praca/junior-fullstack-developer-warszawa,oferta,1003960128?s=809e3b03&searchId=MTc0MjMyNzcxMDQxMC4xMjIz"
DevOps Engineer,"https://www.pracuj.pl/praca/devops-engineer-poznan-rubiez-46,oferta,1003928973?s=809e3b03&searchId=MTc0MjMyNzcxMDQxMC4xMjIz"
Młodszy Specjalista/ Młodsza Specjalistka ds. Bezpieczeństwa IT,"https://www.pracuj.pl/praca/mlodszy-specjalista-mlodsza-specjalistka-ds-bezpieczenstwa-it-warszawa-plac-europejski-2,oferta,1003936712?s=809e3b03&searchId=MTc0MjMyNzcxMDQxMC4xMjIz"
Młodszy Specjalista Wsparcia Systemów IT,"https://www.pracuj.pl/praca/mlodszy-specjalista-wsparcia-systemow-it-warszawa-pulawska-466,oferta,1003951858?s=809e3b03&searchId=MTc0MjMyNzcxMDQxMC4xMjIz"
Młodszy specjalista / Młodsza specjalistka ds. wsparcia IT,"https://www.pracuj.pl/praca/mlodszy-specjalista-mlodsza-specjalistka-ds-wsparcia-it-czeladz-wiejska-46,oferta,1003926061?s=809e3b03&searchId=MTc0MjMyNzcxMDQxMC4xMjIz"
Młodszy Specjalista ds. wsparcia ERP,"https://www.pracuj.pl/praca/mlodszy-specjalista-ds-wsparcia-erp-bialystok-mysliwska-18,oferta,1003959881?s=809e3b03&searchId=MTc0MjMyNzcxMDQxMC4xMjIz"
Junior System Engineer,"https://www.pracuj.pl/praca/junior-system-engineer-krakow-lubicz-23a,oferta,1003922433?s=809e3b03&searchId=MTc0MjMyNzcxMDQxMC4xMjIz"
Junior Python Developer/ka,"https://www.pracuj.pl/praca/junior-python-developer-ka-warszawa-polczynska-112a,oferta,1003946735?s=809e3b03&searchId=MTc0MjMyNzcxMDQxMC4xMjIz"
Application Performance Engineer,"https://www.pracuj.pl/praca/application-performance-engineer-warszawa-prusa-2,oferta,1003910924?s=809e3b03&searchId=MTc0MjMyNzcxMDQxMC4xMjIz"
Frontend Developer- JavaScript Developer,"https://www.pracuj.pl/praca/frontend-developer-javascript-developer-warszawa-modularna-11,oferta,1003910911?s=809e3b03&searchId=MTc0MjMyNzcxMDQxMC4xMjIz"
Młodszy Specjalista ds. Szkoleń i Utrzymania z Językiem Węgierskim,"https://www.pracuj.pl/praca/mlodszy-specjalista-ds-szkolen-i-utrzymania-z-jezykiem-wegierskim-poznan-dabrowskiego-29,oferta,1003959657?s=809e3b03&searchId=MTc0MjMyNzcxMDQxMC4xMjIz"
Pracownik zespołu szkoleniowo - utrzymaniowego z językiem słowackim,"https://www.pracuj.pl/praca/pracownik-zespolu-szkoleniowo-utrzymaniowego-z-jezykiem-slowackim-poznan-dabrowskiego-29,oferta,1003959663?s=809e3b03&searchId=MTc0MjMyNzcxMDQxMC4xMjIz"
Stanowisko ds. monitorowania bezpieczeństwa,"https://www.pracuj.pl/praca/stanowisko-ds-monitorowania-bezpieczenstwa-radom-samorzadowa-1,oferta,1003910809?s=809e3b03&searchId=MTc0MjMyNzcxMDQxMC4xMjIz"
IT Help Desk Support Specialist,"https://www.pracuj.pl/praca/it-help-desk-support-specialist-krakow-wadowicka-3c,oferta,1003949730?s=809e3b03&searchId=MTc0MjMyNzcxMDQxMC4xMjIz"
Junior Low-Code and Reporting Specialist z językiem niemieckim i angielskim,"https://www.pracuj.pl/praca/junior-low-code-and-reporting-specialist-z-jezykiem-niemieckim-i-angielskim-poznan-aleje-solidarnosci-46,oferta,1003965509?s=809e3b03&searchId=MTc0MjMyNzcxMDQxMC4xMjIz"
Java Developer,"https://www.pracuj.pl/praca/java-developer-warszawa-modularna-11,oferta,1003910509?s=809e3b03&searchId=MTc0MjMyNzcxMDQxMC4xMjIz"
Junior Finance Systems Analyst (Dentons Business Services EMEA),"https://www.pracuj.pl/praca/junior-finance-systems-analyst-dentons-business-services-emea-warszawa-aleja-jana-pawla-ii-27,oferta,1003949385?s=809e3b03&searchId=MTc0MjMyNzcxMDQxMC4xMjIz"
Java BackEnd Developer (Junior),"https://www.pracuj.pl/praca/java-backend-developer-junior-krakow-profesora-michala-zyczkowskiego-14,oferta,1003935861?s=809e3b03&searchId=MTc0MjMyNzcxMDQxMC4xMjIz"
Mid DevOps Engineer,"https://www.pracuj.pl/praca/mid-devops-engineer-warszawa-pulawska-2,oferta,1003916287?s=809e3b03&searchId=MTc0MjMyNzcxMDQxMC4xMjIz"
Analityk systemów informatycznych,"https://www.pracuj.pl/praca/analityk-systemow-informatycznych-warszawa,oferta,1003964906?s=809e3b03&searchId=MTc0MjMyNzcxMDQxMC4xMjIz"
Junior IAM Analyst,"https://www.pracuj.pl/praca/junior-iam-analyst-gdynia,oferta,1003928027?s=809e3b03&searchId=MTc0MjMyNzcxMDQxMC4xMjIz"
IT Infrastructure Specialist,"https://www.pracuj.pl/praca/it-infrastructure-specialist-sedziszow-malopolski-partyzantow-29,oferta,1003949111?s=809e3b03&searchId=MTc0MjMyNzcxMDQxMC4xMjIz"
Technik zespołu wdrożeń,"https://www.pracuj.pl/praca/technik-zespolu-wdrozen-warszawa,oferta,1003959087?s=809e3b03&searchId=MTc0MjMyNzcxMDQxMC4xMjIz"
Junior Data Engineer,"https://www.pracuj.pl/praca/junior-data-engineer-warszawa-jana-nowaka-jezioranskiego-53a,oferta,1003921561?s=809e3b03&searchId=MTc0MjMyNzcxMDQxMC4xMjIz"
Junior Engineer Opportunity,"https://www.pracuj.pl/praca/junior-engineer-opportunity-warszawa-jana-nowaka-jezioranskiego-53a,oferta,1003921446?s=809e3b03&searchId=MTc0MjMyNzcxMDQxMC4xMjIz"
Młodszy specjalista ds. nadzoru sieci i systemów IT,"https://www.pracuj.pl/praca/mlodszy-specjalista-ds-nadzoru-sieci-i-systemow-it-poznan-karpia-27d,oferta,1003915787?s=809e3b03&searchId=MTc0MjMyNzcxMDQxMC4xMjIz"
First Line Support Engineer,"https://www.pracuj.pl/praca/first-line-support-engineer-krakow-walerego-eljasza-radzikowskiego-47d,oferta,1003964426?s=809e3b03&searchId=MTc0MjMyNzcxMDQxMC4xMjIz"
Service Desk Analyst with Czech and Slovak,"https://www.pracuj.pl/praca/service-desk-analyst-with-czech-and-slovak-gdansk,oferta,1003948658?s=809e3b03&searchId=MTc0MjMyNzcxMDQxMC4xMjIz"
Junior Project Manager,"https://www.pracuj.pl/praca/junior-project-manager-warszawa-swietokrzyska-18,oferta,1003945451?s=809e3b03&searchId=MTc0MjMyNzcxMDQxMC4xMjIz"
Jr QA Automation Engineer,"https://www.pracuj.pl/praca/jr-qa-automation-engineer-poznan-baraniaka-6,oferta,1003945377?s=809e3b03&searchId=MTc0MjMyNzcxMDQxMC4xMjIz"
Business Application Support (German Speaker),"https://www.pracuj.pl/praca/business-application-support-german-speaker-warszawa-domaniewska-42,oferta,1003920955?s=809e3b03&searchId=MTc0MjMyNzcxMDQxMC4xMjIz"
Junior Infrastructure Security Engineer,"https://www.pracuj.pl/praca/junior-infrastructure-security-engineer-katowice-chorzowska-148,oferta,1003937676?s=809e3b03&searchId=MTc0MjMyNzcxMDQxMC4xMjIz"
Młodsza Specjalistka / Młodszy Specjalista ds. Modelowania Ryzyka Kredytowego,"https://www.pracuj.pl/praca/mlodsza-specjalistka-mlodszy-specjalista-ds-modelowania-ryzyka-kredytowego-warszawa-marcina-kasprzaka-2,oferta,1003947955?s=809e3b03&searchId=MTc0MjMyNzcxMDQxMC4xMjIz"
Junior Protocol Test Engineer,"https://www.pracuj.pl/praca/junior-protocol-test-engineer-warszawa-plac-europejski-1,oferta,1003945217?s=809e3b03&searchId=MTc0MjMyNzcxMDQxMC4xMjIz"
Ryanair Customer Support with English,"https://www.pracuj.pl/praca/ryanair-customer-support-with-english-katowice-zabrska-19,oferta,1003958197?s=809e3b03&searchId=MTc0MjMyNzcxMDQxMC4xMjIz"
iOS Developer,"https://www.pracuj.pl/praca/ios-developer-poznan-piatkowska-161,oferta,1003937541?s=809e3b03&searchId=MTc0MjMyNzcxMDQxMC4xMjIz"
Junior System Administrator,"https://www.pracuj.pl/praca/junior-system-administrator-warszawa-lucka-2-4-6,oferta,1003944968?s=809e3b03&searchId=MTc0MjMyNzcxMDQxMC4xMjIz"
Junior Fullstack Developer,"https://www.pracuj.pl/praca/junior-fullstack-developer-poznan,oferta,1003937518?s=809e3b03&searchId=MTc0MjMyNzcxMDQxMC4xMjIz"
Junior .NET Developer,"https://www.pracuj.pl/praca/junior-net-developer-warszawa-aleja-jana-pawla-ii-27,oferta,1003926850?s=809e3b03&searchId=MTc0MjMyNzcxMDQxMC4xMjIz"
Administrator Aplikacji IT,"https://www.pracuj.pl/praca/administrator-aplikacji-it-sochaczew,oferta,1003937122?s=809e3b03&searchId=MTc0MjMyNzcxMDQxMC4xMjIz"
Inżynier ds. Utrzymania i Rozwoju Systemów IT,"https://www.pracuj.pl/praca/inzynier-ds-utrzymania-i-rozwoju-systemow-it-warszawa,oferta,1003963358?s=809e3b03&searchId=MTc0MjMyNzcxMDQxMC4xMjIz"
Junior Help Desk Specialist,"https://www.pracuj.pl/praca/junior-help-desk-specialist-poznan-dabrowskiego-29,oferta,1003937096?s=809e3b03&searchId=MTc0MjMyNzcxMDQxMC4xMjIz"
Specjalista ds. cyberbezpieczeństwa,"https://www.pracuj.pl/praca/specjalista-ds-cyberbezpieczenstwa-warszawa-poligonowa-30,oferta,1003947355?s=809e3b03&searchId=MTc0MjMyNzcxMDQxMC4xMjIz"
Konsultant - Wdrożeniowiec systemu obiegu dokumentów,"https://www.pracuj.pl/praca/konsultant-wdrozeniowiec-systemu-obiegu-dokumentow-warszawa-poloneza-93,oferta,1003963309?s=809e3b03&searchId=MTc0MjMyNzcxMDQxMC4xMjIz"
Młodszy Analityk Danych,"https://www.pracuj.pl/praca/mlodszy-analityk-danych-warszawa-krakowiakow-42,oferta,1003937024?s=809e3b03&searchId=MTc0MjMyNzcxMDQxMC4xMjIz"
Młodszy Specjalista ds. Rozwoju Rozwiązań dla Klientów (Obszar Kart i Płatności),"https://www.pracuj.pl/praca/mlodszy-specjalista-ds-rozwoju-rozwiazan-dla-klientow-obszar-kart-i-platnosci-warszawa-stanislawa-zaryna-2a,oferta,1003957478?s=809e3b03&searchId=MTc0MjMyNzcxMDQxMC4xMjIz"
EDI Specialist,"https://www.pracuj.pl/praca/edi-specialist-gdansk,oferta,1003944248?s=809e3b03&searchId=MTc0MjMyNzcxMDQxMC4xMjIz"
Junior Data Analyst (Contact Centre),"https://www.pracuj.pl/praca/junior-data-analyst-contact-centre-katowice-wroclawska-54,oferta,1003919811?s=809e3b03&searchId=MTc0MjMyNzcxMDQxMC4xMjIz"
Konsultant Helpdesk,"https://www.pracuj.pl/praca/konsultant-helpdesk-warszawa,oferta,1003914337?s=809e3b03&searchId=MTc0MjMyNzcxMDQxMC4xMjIz"
Młodszy Administrator IT,"https://www.pracuj.pl/praca/mlodszy-administrator-it-bielsko-biala-jana-kasprowicza-5,oferta,1003936785?s=809e3b03&searchId=MTc0MjMyNzcxMDQxMC4xMjIz"
Analityk ds. Cyberbezpieczeństwa SOC,"https://www.pracuj.pl/praca/analityk-ds-cyberbezpieczenstwa-soc-warszawa-11-listopada-23,oferta,1003957355?s=809e3b03&searchId=MTc0MjMyNzcxMDQxMC4xMjIz"
Młodszy Inżynier / Inżynierka Testów,"https://www.pracuj.pl/praca/mlodszy-inzynier-inzynierka-testow-mierzyn-pow-policki,oferta,1003936749?s=809e3b03&searchId=MTc0MjMyNzcxMDQxMC4xMjIz"
Młodsza Programistka / Młodszy Programista,"https://www.pracuj.pl/praca/mlodsza-programistka-mlodszy-programista-warszawa-wiktorska-17a,oferta,1003943909?s=809e3b03&searchId=MTc0MjMyNzcxMDQxMC4xMjIz"
Technik - Teletechnik,"https://www.pracuj.pl/praca/technik-teletechnik-nadarzyn-pow-pruszkowski-aleja-katowicka-68,oferta,1003936540?s=809e3b03&searchId=MTc0MjMyNzcxMDQxMC4xMjIz"
Specjalista Service desk,"https://www.pracuj.pl/praca/specjalista-service-desk-warszawa-grochowska-278,oferta,1003943741?s=809e3b03&searchId=MTc0MjMyNzcxMDQxMC4xMjIz"
Service Desk Specialist,"https://www.pracuj.pl/praca/service-desk-specialist-gdansk-aleja-grunwaldzka-309,oferta,1003919236?s=809e3b03&searchId=MTc0MjMyNzcxMDQxMC4xMjIz"
Młodszy Specjalista ds. Danych,"https://www.pracuj.pl/praca/mlodszy-specjalista-ds-danych-bydgoszcz-artura-grottgera-4,oferta,1003919077?s=809e3b03&searchId=MTc0MjMyNzcxMDQxMC4xMjIz"
JavaScript / Frontend Developer,"https://www.pracuj.pl/praca/javascript-frontend-developer-gdansk-szafera-3,oferta,1003962428?s=809e3b03&searchId=MTc0MjMyNzcxMDQxMC4xMjIz"
Product UX/GenAI Designer Internship Program (She/He/They),"https://www.pracuj.pl/praca/product-ux-genai-designer-internship-program-she-he-they-warszawa,oferta,1003946493?s=809e3b03&searchId=MTc0MjMyNzcxMDQxMC4xMjIz"
IT Application Support Specialist (2nd line),"https://www.pracuj.pl/praca/it-application-support-specialist-2nd-line-katowice,oferta,1003956593?s=809e3b03&searchId=MTc0MjMyNzcxMDQxMC4xMjIz"
Cybersecurity Analyst,"https://www.pracuj.pl/praca/cybersecurity-analyst-warszawa-aleje-jerozolimskie-160,oferta,1003956583?s=809e3b03&searchId=MTc0MjMyNzcxMDQxMC4xMjIz"
Azure Developer,"https://www.pracuj.pl/praca/azure-developer-gliwice-bojkowska-35,oferta,1003946452?s=809e3b03&searchId=MTc0MjMyNzcxMDQxMC4xMjIz"
Cloud Engineer / Azure DevOps,"https://www.pracuj.pl/praca/cloud-engineer-azure-devops-wroclaw-zdrojowa-4,oferta,1003946448?s=809e3b03&searchId=MTc0MjMyNzcxMDQxMC4xMjIz"
PLM System Administrator,"https://www.pracuj.pl/praca/plm-system-administrator-tajecina-pow-rzeszowski,oferta,1003956538?s=809e3b03&searchId=MTc0MjMyNzcxMDQxMC4xMjIz"
Junior IT Consultant,"https://www.pracuj.pl/praca/junior-it-consultant-warszawa-marynarska-15,oferta,1003946367?s=809e3b03&searchId=MTc0MjMyNzcxMDQxMC4xMjIz"
Specjalista / Specjalistka ds. wdrożeń IT,"https://www.pracuj.pl/praca/specjalista-specjalistka-ds-wdrozen-it-krakow-jasnogorska-9,oferta,1003943252?s=809e3b03&searchId=MTc0MjMyNzcxMDQxMC4xMjIz"
Junior DevOps Engineer,"https://www.pracuj.pl/praca/junior-devops-engineer-warszawa-aleje-jerozolimskie-158,oferta,1003913512?s=809e3b03&searchId=MTc0MjMyNzcxMDQxMC4xMjIz"
Młodszy /-a Specjalista /-ka ds. Wsparcia Technicznego,"https://www.pracuj.pl/praca/mlodszy-a-specjalista-ka-ds-wsparcia-technicznego-warszawa-marynarska-12,oferta,1003956249?s=809e3b03&searchId=MTc0MjMyNzcxMDQxMC4xMjIz"
Lowcode Developer,"https://www.pracuj.pl/praca/lowcode-developer-jasionka-pow-rzeszowski,oferta,1003956157?s=809e3b03&searchId=MTc0MjMyNzcxMDQxMC4xMjIz"
Stanowisko ds. Wsparcia Informatycznego,"https://www.pracuj.pl/praca/stanowisko-ds-wsparcia-informatycznego-zamosc,oferta,1003935653?s=809e3b03&searchId=MTc0MjMyNzcxMDQxMC4xMjIz"
Junior .NET Developer (paid internship),"https://www.pracuj.pl/praca/junior-net-developer-paid-internship-wroclaw-legnicka-55f,oferta,1003935639?s=809e3b03&searchId=MTc0MjMyNzcxMDQxMC4xMjIz"
Java/React Developer,"https://www.pracuj.pl/praca/java-react-developer-poznan-stanislawa-baranczaka-9,oferta,1003935554?s=809e3b03&searchId=MTc0MjMyNzcxMDQxMC4xMjIz"
Pracownik zespołu wdrożeniowo-szkoleniowego z językiem czeskim,"https://www.pracuj.pl/praca/pracownik-zespolu-wdrozeniowo-szkoleniowego-z-jezykiem-czeskim-poznan-dabrowskiego-29,oferta,1003935552?s=809e3b03&searchId=MTc0MjMyNzcxMDQxMC4xMjIz"
Service Desk Specialist,"https://www.pracuj.pl/praca/service-desk-specialist-grodzisk-mazowiecki-romualda-traugutta-42a,oferta,1003945961?s=809e3b03&searchId=MTc0MjMyNzcxMDQxMC4xMjIz"
Junior QA Tester,"https://www.pracuj.pl/praca/junior-qa-tester-krakow-dworska-1a,oferta,1003942867?s=809e3b03&searchId=MTc0MjMyNzcxMDQxMC4xMjIz"
Junior .NET Developer,"https://www.pracuj.pl/praca/junior-net-developer-gdansk,oferta,1003942750?s=809e3b03&searchId=MTc0MjMyNzcxMDQxMC4xMjIz"
UX/UI Designer,"https://www.pracuj.pl/praca/ux-ui-designer-bydgoszcz-podlesna-17,oferta,1003913020?s=809e3b03&searchId=MTc0MjMyNzcxMDQxMC4xMjIz"
Młodszy Konsultant,"https://www.pracuj.pl/praca/mlodszy-konsultant-katowice-mikolowska-100,oferta,1003942630?s=809e3b03&searchId=MTc0MjMyNzcxMDQxMC4xMjIz"
Asystent / Asystentka w Dziale IT,"https://www.pracuj.pl/praca/asystent-asystentka-w-dziale-it-radom-raclawicka-8-10,oferta,1003955520?s=809e3b03&searchId=MTc0MjMyNzcxMDQxMC4xMjIz"
Informatyk,"https://www.pracuj.pl/praca/informatyk-lodz-stefana-zeromskiego-116,oferta,1003918248?s=809e3b03&searchId=MTc0MjMyNzcxMDQxMC4xMjIz"
Junior IT Technician/ Młodszy Technik IT,"https://www.pracuj.pl/praca/junior-it-technician-mlodszy-technik-it-lozienica-pow-goleniowski,oferta,1003961337?s=809e3b03&searchId=MTc0MjMyNzcxMDQxMC4xMjIz"
Inżynier monitoringu,"https://www.pracuj.pl/praca/inzynier-monitoringu-warszawa-deblinska-6,oferta,1003955206?s=809e3b03&searchId=MTc0MjMyNzcxMDQxMC4xMjIz"
Junior specialist / Junior IT Support Specialist / HelpDesk,"https://www.pracuj.pl/praca/junior-specialist-junior-it-support-specialist-helpdesk-warszawa-krakowiakow-103,oferta,1003917919?s=809e3b03&searchId=MTc0MjMyNzcxMDQxMC4xMjIz"
Informatyk - Specjalista ds. wsparcia IT,"https://www.pracuj.pl/praca/informatyk-specjalista-ds-wsparcia-it-poznan-zbaszynska-8a,oferta,1003937786?s=809e3b03&searchId=MTc0MjMyNzcxMDQxMC4xMjIz"
L1 Service Desk Analyst with German,"https://www.pracuj.pl/praca/l1-service-desk-analyst-with-german-krakow,oferta,1003955117?s=809e3b03&searchId=MTc0MjMyNzcxMDQxMC4xMjIz"
Backend .NET Developer,"https://www.pracuj.pl/praca/backend-net-developer-warszawa,oferta,1003954299?s=809e3b03&searchId=MTc0MjMyNzcxMDQxMC4xMjIz"
Młodszy Specjalista IT,"https://www.pracuj.pl/praca/mlodszy-specjalista-it-warszawa-konstruktorska-12a,oferta,1003912199?s=809e3b03&searchId=MTc0MjMyNzcxMDQxMC4xMjIz"
Młodszy Administrator Systemów Bankowych (Service Desk),"https://www.pracuj.pl/praca/mlodszy-administrator-systemow-bankowych-service-desk-wroclaw-legnicka-48,oferta,1003944828?s=809e3b03&searchId=MTc0MjMyNzcxMDQxMC4xMjIz"
Specjalista ds. IT i AI,"https://www.pracuj.pl/praca/specjalista-ds-it-i-ai-zlotkowo-pow-poznanski,oferta,1003937391?s=809e3b03&searchId=MTc0MjMyNzcxMDQxMC4xMjIz"
Specjalista / Specjalistka ds. raportowania i analiz,"https://www.pracuj.pl/praca/specjalista-specjalistka-ds-raportowania-i-analiz-sekocin-stary-pow-pruszkowski-logistyczna-7,oferta,1003944654?s=809e3b03&searchId=MTc0MjMyNzcxMDQxMC4xMjIz"
Junior IT Support,"https://www.pracuj.pl/praca/junior-it-support-warszawa-zygmunta-slominskiego-15,oferta,1003911987?s=809e3b03&searchId=MTc0MjMyNzcxMDQxMC4xMjIz"
Junior Data Specialist,"https://www.pracuj.pl/praca/junior-data-specialist-warszawa,oferta,1003937126?s=809e3b03&searchId=MTc0MjMyNzcxMDQxMC4xMjIz"
Specjalista ds. IT,"https://www.pracuj.pl/praca/specjalista-ds-it-warszawa-taneczna-18,oferta,1003969361?s=809e3b03&searchId=MTc0MjMyNzcxMDQxMC4xMjIz"
Technik Serwisu,"https://www.pracuj.pl/praca/technik-serwisu-poznan,oferta,1003934470?s=809e3b03&searchId=MTc0MjMyNzcxMDQxMC4xMjIz"
Inżynier oprogramowania wbudowanego,"https://www.pracuj.pl/praca/inzynier-oprogramowania-wbudowanego-gdansk,oferta,1003944431?s=809e3b03&searchId=MTc0MjMyNzcxMDQxMC4xMjIz"
Młodszy Administrator Systemów IT,"https://www.pracuj.pl/praca/mlodszy-administrator-systemow-it-legnica-jaworzynska-301,oferta,1003934433?s=809e3b03&searchId=MTc0MjMyNzcxMDQxMC4xMjIz"
Specjalista ds. Baz Danych,"https://www.pracuj.pl/praca/specjalista-ds-baz-danych-poznan-polska-13,oferta,1003937021?s=809e3b03&searchId=MTc0MjMyNzcxMDQxMC4xMjIz"
.NET Developer,"https://www.pracuj.pl/praca/net-developer-warszawa-romana-popiolka-20,oferta,1003936979?s=809e3b03&searchId=MTc0MjMyNzcxMDQxMC4xMjIz"
.NET/OPS Developer​,"https://www.pracuj.pl/praca/net-ops-developer-warszawa-krakowiakow-44,oferta,1003944347?s=809e3b03&searchId=MTc0MjMyNzcxMDQxMC4xMjIz"
Power BI & Reporting Specialist,"https://www.pracuj.pl/praca/power-bi-reporting-specialist-warszawa-emilii-plater-52,oferta,1003969182?s=809e3b03&searchId=MTc0MjMyNzcxMDQxMC4xMjIz"
Młodszy Specjalista ds. IT,"https://www.pracuj.pl/praca/mlodszy-specjalista-ds-it-warszawa-rosiczki-5,oferta,1003953470?s=809e3b03&searchId=MTc0MjMyNzcxMDQxMC4xMjIz"
Młodszy Specjalista ds. Szkoleń i Dokumentacji,"https://www.pracuj.pl/praca/mlodszy-specjalista-ds-szkolen-i-dokumentacji-poznan-wykopy-2-4,oferta,1003944260?s=809e3b03&searchId=MTc0MjMyNzcxMDQxMC4xMjIz"
Konsultant Wsparcia Technicznego,"https://www.pracuj.pl/praca/konsultant-wsparcia-technicznego-warszawa,oferta,1003944209?s=809e3b03&searchId=MTc0MjMyNzcxMDQxMC4xMjIz"
Golang Developer,"https://www.pracuj.pl/praca/golang-developer-gdansk-aleja-grunwaldzka-413,oferta,1003968824?s=809e3b03&searchId=MTc0MjMyNzcxMDQxMC4xMjIz"
Młodszy Programista / Młodsza Programistka Hurtowni Danych,"https://www.pracuj.pl/praca/mlodszy-programista-mlodsza-programistka-hurtowni-danych-warszawa-inflancka-4a,oferta,1003943915?s=809e3b03&searchId=MTc0MjMyNzcxMDQxMC4xMjIz"
Administrator Aplikacji E-commerce,"https://www.pracuj.pl/praca/administrator-aplikacji-e-commerce-warszawa-krakowiakow-42,oferta,1003968672?s=809e3b03&searchId=MTc0MjMyNzcxMDQxMC4xMjIz"
Młodszy Specjalista ds. Zarządzania Problemami i Incydentami,"https://www.pracuj.pl/praca/mlodszy-specjalista-ds-zarzadzania-problemami-i-incydentami-warszawa-pulawska-466,oferta,1003968269?s=809e3b03&searchId=MTc0MjMyNzcxMDQxMC4xMjIz"
SAP Advanced User - Specjalistka/Specjalista ds. Programów Magazynowych,"https://www.pracuj.pl/praca/sap-advanced-user-specjalistka-specjalista-ds-programow-magazynowych-malopole-pow-wolominski-graniczna-20a,oferta,1003933647?s=809e3b03&searchId=MTc0MjMyNzcxMDQxMC4xMjIz"
SAP / EDI Support,"https://www.pracuj.pl/praca/sap-edi-support-balice-pow-krakowski-kapitana-mieczyslawa-medweckiego-2,oferta,1003968236?s=809e3b03&searchId=MTc0MjMyNzcxMDQxMC4xMjIz"
IT Support Specialist,"https://www.pracuj.pl/praca/it-support-specialist-warszawa-chmielna-69,oferta,1003935699?s=809e3b03&searchId=MTc0MjMyNzcxMDQxMC4xMjIz"
IT Business Development Manager,"https://www.pracuj.pl/praca/it-business-development-manager-warszawa-pulawska-182,oferta,1003952264?s=809e3b03&searchId=MTc0MjMyNzcxMDQxMC4xMjIz"
Operator NOC - Helpdesk - Centrum Zarządzania Siecią,"https://www.pracuj.pl/praca/operator-noc-helpdesk-centrum-zarzadzania-siecia-krakow-kapelanka-13,oferta,1003942956?s=809e3b03&searchId=MTc0MjMyNzcxMDQxMC4xMjIz"
Specjalista ds. wsparcia procesów,"https://www.pracuj.pl/praca/specjalista-ds-wsparcia-procesow-torun-wloclawska-167,oferta,1003942901?s=809e3b03&searchId=MTc0MjMyNzcxMDQxMC4xMjIz"
Junior Project Manager’s Assistant,"https://www.pracuj.pl/praca/junior-project-manager-s-assistant-katowice,oferta,1003935543?s=809e3b03&searchId=MTc0MjMyNzcxMDQxMC4xMjIz"
Junior RPA Analyst,"https://www.pracuj.pl/praca/junior-rpa-analyst-warszawa-krakowiakow-34,oferta,1003967731?s=809e3b03&searchId=MTc0MjMyNzcxMDQxMC4xMjIz"
Specjalista/-ka ds. Wsparcia Technicznego / HelpDesk - I linia wsparcia,"https://www.pracuj.pl/praca/specjalista-ka-ds-wsparcia-technicznego-helpdesk-i-linia-wsparcia-warszawa,oferta,1003935457?s=809e3b03&searchId=MTc0MjMyNzcxMDQxMC4xMjIz"
Operator studia DTP,"https://www.pracuj.pl/praca/operator-studia-dtp-gliwice-leonarda-da-vinci-12,oferta,1003967671?s=809e3b03&searchId=MTc0MjMyNzcxMDQxMC4xMjIz"
IT Operator,"https://www.pracuj.pl/praca/it-operator-warszawa-grzybowska-62,oferta,1003909875?s=809e3b03&searchId=MTc0MjMyNzcxMDQxMC4xMjIz"
Junior Software Developer C++,"https://www.pracuj.pl/praca/junior-software-developer-c%2b%2b-poznan-ziebicka-25,oferta,1003951848?s=809e3b03&searchId=MTc0MjMyNzcxMDQxMC4xMjIz"
Junior Jira Administrator,"https://www.pracuj.pl/praca/junior-jira-administrator-warszawa-komitetu-obrony-robotnikow-43,oferta,1003967569?s=809e3b03&searchId=MTc0MjMyNzcxMDQxMC4xMjIz"
Konsultant wdrożeniowiec ERP - Specjalista ds. procesu handlowego,"https://www.pracuj.pl/praca/konsultant-wdrozeniowiec-erp-specjalista-ds-procesu-handlowego-bydgoszcz-bydgoskich-przemyslowcow-6,oferta,1003932826?s=809e3b03&searchId=MTc0MjMyNzcxMDQxMC4xMjIz"
Młodszy analityk danych sprzedażowych - umowa na zastępstwo,"https://www.pracuj.pl/praca/mlodszy-analityk-danych-sprzedazowych-umowa-na-zastepstwo-gdansk-leona-droszynskiego-24,oferta,1003966878?s=809e3b03&searchId=MTc0MjMyNzcxMDQxMC4xMjIz"
Młodszy Specjalista IT,"https://www.pracuj.pl/praca/mlodszy-specjalista-it-chojnice,oferta,1003951081?s=809e3b03&searchId=MTc0MjMyNzcxMDQxMC4xMjIz"
Administrator sieci,"https://www.pracuj.pl/praca/administrator-sieci-poznan-winogrady-70a,oferta,1003934743?s=809e3b03&searchId=MTc0MjMyNzcxMDQxMC4xMjIz"
Specjalista / Specjalistka ds. wsparcia technicznego IT,"https://www.pracuj.pl/praca/specjalista-specjalistka-ds-wsparcia-technicznego-it-warszawa,oferta,1003966721?s=809e3b03&searchId=MTc0MjMyNzcxMDQxMC4xMjIz"
Młodszy Specjalista / Młodsza Specjalistka Service Desk,"https://www.pracuj.pl/praca/mlodszy-specjalista-mlodsza-specjalistka-service-desk-warszawa-polczynska-31a,oferta,1003966572?s=809e3b03&searchId=MTc0MjMyNzcxMDQxMC4xMjIz"
Młodszy Tester Oprogramowania,"https://www.pracuj.pl/praca/mlodszy-tester-oprogramowania-olsztyn,oferta,1003950574?s=809e3b03&searchId=MTc0MjMyNzcxMDQxMC4xMjIz"
Młodszy specjalista / Młodsza specjalistka ds. wsparcia IT,"https://www.pracuj.pl/praca/mlodszy-specjalista-mlodsza-specjalistka-ds-wsparcia-it-leszno-grunwaldzka-1a,oferta,1003922727?s=809e3b03&searchId=MTc0MjMyNzcxMDQxMC4xMjIz"
Informatyk - serwisant IT,"https://www.pracuj.pl/praca/informatyk-serwisant-it-bydgoszcz-fordonska-87,oferta,1003950239?s=809e3b03&searchId=MTc0MjMyNzcxMDQxMC4xMjIz"
Junior IT Support Specialist,"https://www.pracuj.pl/praca/junior-it-support-specialist-bielsko-biala,oferta,1003933834?s=809e3b03&searchId=MTc0MjMyNzcxMDQxMC4xMjIz"
Specjalista / specjalistka ds cyberbezpieczeństwa,"https://www.pracuj.pl/praca/specjalista-specjalistka-ds-cyberbezpieczenstwa-warszawa-aleja-jana-pawla-ii-80,oferta,1003949734?s=809e3b03&searchId=MTc0MjMyNzcxMDQxMC4xMjIz"
Tester Oprogramowania,"https://www.pracuj.pl/praca/tester-oprogramowania-warszawa-adama-branickiego-13,oferta,1003965301?s=809e3b03&searchId=MTc0MjMyNzcxMDQxMC4xMjIz"
Młodszy Specjalista ds. Administrowania Systemami Sprzedażowymi,"https://www.pracuj.pl/praca/mlodszy-specjalista-ds-administrowania-systemami-sprzedazowymi-warszawa-annopol-22,oferta,1003949317?s=809e3b03&searchId=MTc0MjMyNzcxMDQxMC4xMjIz"
Młodszy Technik Centrum Danych,"https://www.pracuj.pl/praca/mlodszy-technik-centrum-danych-gdynia-chwaszczynska-133a,oferta,1003949258?s=809e3b03&searchId=MTc0MjMyNzcxMDQxMC4xMjIz"
Młodszy Analityk ds. Zapewnienia Jakości / QA,"https://www.pracuj.pl/praca/mlodszy-analityk-ds-zapewnienia-jakosci-qa-warszawa-aleje-jerozolimskie-96,oferta,1003933414?s=809e3b03&searchId=MTc0MjMyNzcxMDQxMC4xMjIz"
Network Operations Center Specialist,"https://www.pracuj.pl/praca/network-operations-center-specialist-lodz-skladowa-35,oferta,1003930688?s=809e3b03&searchId=MTc0MjMyNzcxMDQxMC4xMjIz"
Młodszy specjalista ds. optymalizacji procesów bazodanowych,"https://www.pracuj.pl/praca/mlodszy-specjalista-ds-optymalizacji-procesow-bazodanowych-lublin-konrada-wallenroda-4c,oferta,1003933136?s=809e3b03&searchId=MTc0MjMyNzcxMDQxMC4xMjIz"
Informatyk – Wsparcie Działu Informatycznego,"https://www.pracuj.pl/praca/informatyk-wsparcie-dzialu-informatycznego-lodz,oferta,1003933016?s=809e3b03&searchId=MTc0MjMyNzcxMDQxMC4xMjIz"
Analityk w dziale Revenue Management,"https://www.pracuj.pl/praca/analityk-w-dziale-revenue-management-warszawa-komitetu-obrony-robotnikow-43,oferta,1003939007?s=809e3b03&searchId=MTc0MjMyNzcxMDQxMC4xMjIz"
Specjalista ds. ServiceDesk,"https://www.pracuj.pl/praca/specjalista-ds-servicedesk-warszawa-komitetu-obrony-robotnikow-43,oferta,1003938394?s=809e3b03&searchId=MTc0MjMyNzcxMDQxMC4xMjIz"
Młodszy Specjalista / Młodsza Specjalistka ds. Zarządzania Danymi Produktowymi,"https://www.pracuj.pl/praca/mlodszy-specjalista-mlodsza-specjalistka-ds-zarzadzania-danymi-produktowymi-jaslo,oferta,1003932534?s=809e3b03&searchId=MTc0MjMyNzcxMDQxMC4xMjIz"
Informatyk - Młodszy Specjalista HelpDesk,"https://www.pracuj.pl/praca/informatyk-mlodszy-specjalista-helpdesk-gniezno-wierzbiczany-60,oferta,1003929762?s=809e3b03&searchId=MTc0MjMyNzcxMDQxMC4xMjIz"
Młodszy Analityk Danych,"https://www.pracuj.pl/praca/mlodszy-analityk-danych-warszawa,oferta,1003947755?s=809e3b03&searchId=MTc0MjMyNzcxMDQxMC4xMjIz"
Młodszy PHP Web Developer,"https://www.pracuj.pl/praca/mlodszy-php-web-developer-luzino-pow-wejherowski-wielki-las-19,oferta,1003963656?s=809e3b03&searchId=MTc0MjMyNzcxMDQxMC4xMjIz"
Programista / Automatyk,"https://www.pracuj.pl/praca/programista-automatyk-skawina,oferta,1003929706?s=809e3b03&searchId=MTc0MjMyNzcxMDQxMC4xMjIz"
Support Specialist,"https://www.pracuj.pl/praca/support-specialist-warszawa,oferta,1003947595?s=809e3b03&searchId=MTc0MjMyNzcxMDQxMC4xMjIz"
IT Assistant at Frontex Agency,"https://www.pracuj.pl/praca/it-assistant-at-frontex-agency-warszawa-plac-europejski-6,oferta,1003931903?s=809e3b03&searchId=MTc0MjMyNzcxMDQxMC4xMjIz"
Programista Frontend,"https://www.pracuj.pl/praca/programista-frontend-sopot-aleja-niepodleglosci-703a,oferta,1003931857?s=809e3b03&searchId=MTc0MjMyNzcxMDQxMC4xMjIz"
Młodszy specjalista ds. wsparcia klienta,"https://www.pracuj.pl/praca/mlodszy-specjalista-ds-wsparcia-klienta-gdynia-aleja-zwyciestwa-96-98,oferta,1003947382?s=809e3b03&searchId=MTc0MjMyNzcxMDQxMC4xMjIz"
Specjalista wsparcia technicznego IT,"https://www.pracuj.pl/praca/specjalista-wsparcia-technicznego-it-wroclaw,oferta,1003963296?s=809e3b03&searchId=MTc0MjMyNzcxMDQxMC4xMjIz"
Junior Business Consultant with German,"https://www.pracuj.pl/praca/junior-business-consultant-with-german-gdansk,oferta,1003963255?s=809e3b03&searchId=MTc0MjMyNzcxMDQxMC4xMjIz"
Junior Business Consultant with German,"https://www.pracuj.pl/praca/junior-business-consultant-with-german-wroclaw,oferta,1003963254?s=809e3b03&searchId=MTc0MjMyNzcxMDQxMC4xMjIz"
Programista / Programistka systemów ERP,"https://www.pracuj.pl/praca/programista-programistka-systemow-erp-lublin-zwiazkowa-4,oferta,1003929321?s=809e3b03&searchId=MTc0MjMyNzcxMDQxMC4xMjIz"
Młodszy Specjalista ds. wsparcia IT z j. niemieckim,"https://www.pracuj.pl/praca/mlodszy-specjalista-ds-wsparcia-it-z-j-niemieckim-krakow-generala-leopolda-okulickiego-66,oferta,1003931574?s=809e3b03&searchId=MTc0MjMyNzcxMDQxMC4xMjIz"
System Analyst,"https://www.pracuj.pl/praca/system-analyst-poznan,oferta,1003947156?s=809e3b03&searchId=MTc0MjMyNzcxMDQxMC4xMjIz"
Konsultant ds. utrzymania systemów ERP (moduł logistyka i sprzedaż),"https://www.pracuj.pl/praca/konsultant-ds-utrzymania-systemow-erp-modul-logistyka-i-sprzedaz-lublin-konrada-wallenroda-4c,oferta,1003913774?s=809e3b03&searchId=MTc0MjMyNzcxMDQxMC4xMjIz"
Młodszy administrator IT,"https://www.pracuj.pl/praca/mlodszy-administrator-it-krakow,oferta,1003962432?s=809e3b03&searchId=MTc0MjMyNzcxMDQxMC4xMjIz"
Konsultantka / Konsultant SAP IBP,"https://www.pracuj.pl/praca/konsultantka-konsultant-sap-ibp-warszawa-prozna-9,oferta,1003962068?s=809e3b03&searchId=MTc0MjMyNzcxMDQxMC4xMjIz"
Instalator Sieci Telekomunikacyjnych i Systemów Bezpieczeństwa,"https://www.pracuj.pl/praca/instalator-sieci-telekomunikacyjnych-i-systemow-bezpieczenstwa-warszawa-przyokopowa-33,oferta,1003962057?s=809e3b03&searchId=MTc0MjMyNzcxMDQxMC4xMjIz"
Młodszy specjalista / Młodsza specjalistka ds. cyberbezpieczeństwa,"https://www.pracuj.pl/praca/mlodszy-specjalista-mlodsza-specjalistka-ds-cyberbezpieczenstwa-warszawa-chojnowska-8,oferta,1003927808?s=809e3b03&searchId=MTc0MjMyNzcxMDQxMC4xMjIz"
Informatyk,"https://www.pracuj.pl/praca/informatyk-poznan-osiedle-piastowskie-16,oferta,1003927430?s=809e3b03&searchId=MTc0MjMyNzcxMDQxMC4xMjIz"
Młodszy Specjalista ds. Wsparcia Technicznego Klienta,"https://www.pracuj.pl/praca/mlodszy-specjalista-ds-wsparcia-technicznego-klienta-gdansk-piastowska-63,oferta,1003945423?s=809e3b03&searchId=MTc0MjMyNzcxMDQxMC4xMjIz"
Product Owner,"https://www.pracuj.pl/praca/product-owner-warszawa-komitetu-obrony-robotnikow-43,oferta,1003961164?s=809e3b03&searchId=MTc0MjMyNzcxMDQxMC4xMjIz"
Junior Analityk Systemowy - Aplikacji Mobilnej PeoPay,"https://www.pracuj.pl/praca/junior-analityk-systemowy-aplikacji-mobilnej-peopay-warszawa-zubra-1,oferta,1003927131?s=809e3b03&searchId=MTc0MjMyNzcxMDQxMC4xMjIz"
Młodszy Konsultant Helpdesk,"https://www.pracuj.pl/praca/mlodszy-konsultant-helpdesk-krakow-wadowicka-8a,oferta,1003927043?s=809e3b03&searchId=MTc0MjMyNzcxMDQxMC4xMjIz"
Młodszy Specjalista / Młodsza Specjalistka ds. IT- Help Desk,"https://www.pracuj.pl/praca/mlodszy-specjalista-mlodsza-specjalistka-ds-it-help-desk-wroclaw-fabryczna-6,oferta,1003929362?s=809e3b03&searchId=MTc0MjMyNzcxMDQxMC4xMjIz"
Młodszy Specjalista ds. Wdrożeń,"https://www.pracuj.pl/praca/mlodszy-specjalista-ds-wdrozen-bydgoszcz-fordonska-2,oferta,1003929126?s=809e3b03&searchId=MTc0MjMyNzcxMDQxMC4xMjIz"
.NET Developer,"https://www.pracuj.pl/praca/net-developer-warszawa-marszalkowska-76,oferta,1003959902?s=809e3b03&searchId=MTc0MjMyNzcxMDQxMC4xMjIz"
Młodszy Specjalista IT,"https://www.pracuj.pl/praca/mlodszy-specjalista-it-szczepancowa-pow-krosnienski,oferta,1003928748?s=809e3b03&searchId=MTc0MjMyNzcxMDQxMC4xMjIz"
Specjalista ds. Business Intelligence,"https://www.pracuj.pl/praca/specjalista-ds-business-intelligence-warszawa-aleje-jerozolimskie-142b,oferta,1003925802?s=809e3b03&searchId=MTc0MjMyNzcxMDQxMC4xMjIz"
Asystent kierownika projektu - Młodszy kierownik projektu,"https://www.pracuj.pl/praca/asystent-kierownika-projektu-mlodszy-kierownik-projektu-legnica,oferta,1003959518?s=809e3b03&searchId=MTc0MjMyNzcxMDQxMC4xMjIz"
Młodszy specjalista / Młodsza specjalistka ds. wsparcia IT / HelpDesk,"https://www.pracuj.pl/praca/mlodszy-specjalista-mlodsza-specjalistka-ds-wsparcia-it-helpdesk-lodz-piekna-1,oferta,1003959411?s=809e3b03&searchId=MTc0MjMyNzcxMDQxMC4xMjIz"
Full Stack Developer,"https://www.pracuj.pl/praca/full-stack-developer-poznan-mikolaja-reja-2,oferta,1003925207?s=809e3b03&searchId=MTc0MjMyNzcxMDQxMC4xMjIz"
Technik informatyk,"https://www.pracuj.pl/praca/technik-informatyk-sosnowiec-jednosci-46,oferta,1003924994?s=809e3b03&searchId=MTc0MjMyNzcxMDQxMC4xMjIz"
Data Engineer - Data Scientist,"https://www.pracuj.pl/praca/data-engineer-data-scientist-poznan-mikolaja-reja-2,oferta,1003924962?s=809e3b03&searchId=MTc0MjMyNzcxMDQxMC4xMjIz"
Technik informatyk w Dziale Technologii Informacyjnych,"https://www.pracuj.pl/praca/technik-informatyk-w-dziale-technologii-informacyjnych-torun-boleslawa-chrobrego-50,oferta,1003927702?s=809e3b03&searchId=MTc0MjMyNzcxMDQxMC4xMjIz"
Junior Project Specialist,"https://www.pracuj.pl/praca/junior-project-specialist-warszawa,oferta,1003915008?s=809e3b03&searchId=MTc0MjMyNzcxMDQxMC4xMjIz"
Junior administrator sieci i systemów IT,"https://www.pracuj.pl/praca/junior-administrator-sieci-i-systemow-it-krakow-ludwinowska-7,oferta,1003914175?s=809e3b03&searchId=MTc0MjMyNzcxMDQxMC4xMjIz"
Młodszy Konsultant wdrożeniowy ERP,"https://www.pracuj.pl/praca/mlodszy-konsultant-wdrozeniowy-erp-warszawa,oferta,1003925902?s=809e3b03&searchId=MTc0MjMyNzcxMDQxMC4xMjIz"
Project Manager,"https://www.pracuj.pl/praca/project-manager-szczecin-krolowej-korony-polskiej-21,oferta,1003925843?s=809e3b03&searchId=MTc0MjMyNzcxMDQxMC4xMjIz"
Automatyk - Programista PLC / HMI,"https://www.pracuj.pl/praca/automatyk-programista-plc-hmi-mikolow,oferta,1003956551?s=809e3b03&searchId=MTc0MjMyNzcxMDQxMC4xMjIz"
Młodszy Specjalista ds. IT,"https://www.pracuj.pl/praca/mlodszy-specjalista-ds-it-katowice-kolejowa-54,oferta,1003939340?s=809e3b03&searchId=MTc0MjMyNzcxMDQxMC4xMjIz"
Młodszy specjalista ds. wdrożeń oprogramowania / Junior Implementation Specialist,"https://www.pracuj.pl/praca/mlodszy-specjalista-ds-wdrozen-oprogramowania-junior-implementation-specialist-krakow,oferta,1003955252?s=809e3b03&searchId=MTc0MjMyNzcxMDQxMC4xMjIz"
Administrator IT,"https://www.pracuj.pl/praca/administrator-it-sopot-aleja-niepodleglosci-703a,oferta,1003924335?s=809e3b03&searchId=MTc0MjMyNzcxMDQxMC4xMjIz"
Flutter Developer - Android,"https://www.pracuj.pl/praca/flutter-developer-android-warszawa,oferta,1003954691?s=809e3b03&searchId=MTc0MjMyNzcxMDQxMC4xMjIz"
Junior IT Support Specialist,"https://www.pracuj.pl/praca/junior-it-support-specialist-warszawa-aleja-ksiecia-jozefa-poniatowskiego-1,oferta,1003922111?s=809e3b03&searchId=MTc0MjMyNzcxMDQxMC4xMjIz"
Młodszy Specjalista ds.Raportowania,"https://www.pracuj.pl/praca/mlodszy-specjalista-ds-raportowania-warszawa-jozefa-piusa-dziekonskiego-1,oferta,1003921934?s=809e3b03&searchId=MTc0MjMyNzcxMDQxMC4xMjIz"
Junior Business/Sales Analyst,"https://www.pracuj.pl/praca/junior-business-sales-analyst-warszawa-pulawska-2,oferta,1003921568?s=809e3b03&searchId=MTc0MjMyNzcxMDQxMC4xMjIz"
Junior Software Engineer (Ruby/Elixir),"https://www.pracuj.pl/praca/junior-software-engineer-ruby-elixir-poznan-malachowskiego-8,oferta,1003954655?s=809e3b03&searchId=MTc0MjMyNzcxMDQxMC4xMjIz"
Junior Manual Tester,"https://www.pracuj.pl/praca/junior-manual-tester-lodz-grzegorza-piramowicza-11-13,oferta,1003921221?s=809e3b03&searchId=MTc0MjMyNzcxMDQxMC4xMjIz"
Data Analyst,"https://www.pracuj.pl/praca/data-analyst-warszawa-ibisa-14,oferta,1003920586?s=809e3b03&searchId=MTc0MjMyNzcxMDQxMC4xMjIz"
Specjalista Service Desk,"https://www.pracuj.pl/praca/specjalista-service-desk-warszawa-plac-europejski-6,oferta,1003953824?s=809e3b03&searchId=MTc0MjMyNzcxMDQxMC4xMjIz"
Konsultant ds. wdrożeń systemu ERP,"https://www.pracuj.pl/praca/konsultant-ds-wdrozen-systemu-erp-warszawa-adama-branickiego-13,oferta,1003931867?s=809e3b03&searchId=MTc0MjMyNzcxMDQxMC4xMjIz"
Junior Azure Data Engineer,"https://www.pracuj.pl/praca/junior-azure-data-engineer-warszawa-pulawska-180,oferta,1003919916?s=809e3b03&searchId=MTc0MjMyNzcxMDQxMC4xMjIz"
Analityk biznesowo - systemowy,"https://www.pracuj.pl/praca/analityk-biznesowo-systemowy-warszawa-czerniakowska-87a,oferta,1003922802?s=809e3b03&searchId=MTc0MjMyNzcxMDQxMC4xMjIz"
Młodszy Specjalista Wsparcia Systemów IT i Użytkowników,"https://www.pracuj.pl/praca/mlodszy-specjalista-wsparcia-systemow-it-i-uzytkownikow-warszawa,oferta,1003919446?s=809e3b03&searchId=MTc0MjMyNzcxMDQxMC4xMjIz"
Młodszy Administrator Aplikacji,"https://www.pracuj.pl/praca/mlodszy-administrator-aplikacji-nowy-tomysl-celna-5,oferta,1003919038?s=809e3b03&searchId=MTc0MjMyNzcxMDQxMC4xMjIz"
Młodszy specjalista wsparcia systemowego,"https://www.pracuj.pl/praca/mlodszy-specjalista-wsparcia-systemowego-opole-glogowska-41,oferta,1003921539?s=809e3b03&searchId=MTc0MjMyNzcxMDQxMC4xMjIz"
Specjalista ds. wsparcia IT,"https://www.pracuj.pl/praca/specjalista-ds-wsparcia-it-czarna-woda-mickiewicza-10,oferta,1003918329?s=809e3b03&searchId=MTc0MjMyNzcxMDQxMC4xMjIz"
Specjalista ds. nadzoru nad wdrożeniem i utrzymaniem systemu COMARCH,"https://www.pracuj.pl/praca/specjalista-ds-nadzoru-nad-wdrozeniem-i-utrzymaniem-systemu-comarch-poznan,oferta,1003920999?s=809e3b03&searchId=MTc0MjMyNzcxMDQxMC4xMjIz"
Młodszy Specjalista ds. Wsparcia IT,"https://www.pracuj.pl/praca/mlodszy-specjalista-ds-wsparcia-it-blonie-lesznowska-20b,oferta,1003920466?s=809e3b03&searchId=MTc0MjMyNzcxMDQxMC4xMjIz"
administrator systemów IT (systemy transakcyjne),"https://www.pracuj.pl/praca/administrator-systemow-it-systemy-transakcyjne-poznan-szarych-szeregow-23a,oferta,1003920154?s=809e3b03&searchId=MTc0MjMyNzcxMDQxMC4xMjIz"
administrator systemów IT - serwery aplikacji,"https://www.pracuj.pl/praca/administrator-systemow-it-serwery-aplikacji-poznan-szarych-szeregow-23a,oferta,1003920136?s=809e3b03&searchId=MTc0MjMyNzcxMDQxMC4xMjIz"
LLM Junior Developer,"https://www.pracuj.pl/praca/llm-junior-developer-warszawa,oferta,1003917214?s=809e3b03&searchId=MTc0MjMyNzcxMDQxMC4xMjIz"
Specjalista ds. systemów sterowania i regulacji (k/m)​,"https://www.pracuj.pl/praca/specjalista-ds-systemow-sterowania-i-regulacji-k-m-konstancin-jeziorna-warszawska-165,oferta,1003917105?s=809e3b03&searchId=MTc0MjMyNzcxMDQxMC4xMjIz"
Młodszy Specjalista IT,"https://www.pracuj.pl/praca/mlodszy-specjalista-it-wroclaw,oferta,1003934139?s=809e3b03&searchId=MTc0MjMyNzcxMDQxMC4xMjIz"
.NET Junior Developer,"https://www.pracuj.pl/praca/net-junior-developer-warszawa,oferta,1003916990?s=809e3b03&searchId=MTc0MjMyNzcxMDQxMC4xMjIz"
Młodszy Specjalista / Młodsza Specjalistka Service Desk,"https://www.pracuj.pl/praca/mlodszy-specjalista-mlodsza-specjalistka-service-desk-plock,oferta,1003916944?s=809e3b03&searchId=MTc0MjMyNzcxMDQxMC4xMjIz"
Młodszy Specjalista ds. Wsparcia IT,"https://www.pracuj.pl/praca/mlodszy-specjalista-ds-wsparcia-it-pultusk,oferta,1003933790?s=809e3b03&searchId=MTc0MjMyNzcxMDQxMC4xMjIz"
Python Developer,"https://www.pracuj.pl/praca/python-developer-siemianowice-slaskie-wroblewskiego-65,oferta,1003916648?s=809e3b03&searchId=MTc0MjMyNzcxMDQxMC4xMjIz"
Młodszy Administrator IT,"https://www.pracuj.pl/praca/mlodszy-administrator-it-gdansk-mialki-szlak-35,oferta,1003918290?s=809e3b03&searchId=MTc0MjMyNzcxMDQxMC4xMjIz"
Młodszy Specjalista ds. wdrożeń i informatyki,"https://www.pracuj.pl/praca/mlodszy-specjalista-ds-wdrozen-i-informatyki-lodz,oferta,1003918169?s=809e3b03&searchId=MTc0MjMyNzcxMDQxMC4xMjIz"
Junior DevOps Engineer,"https://www.pracuj.pl/praca/junior-devops-engineer-wroclaw,oferta,1003914958?s=809e3b03&searchId=MTc0MjMyNzcxMDQxMC4xMjIz"
Młodszy/-a Specjalista/-ka ds. monitorowania systemów IT,"https://www.pracuj.pl/praca/mlodszy-a-specjalista-ka-ds-monitorowania-systemow-it-warszawa-kolska-12,oferta,1003914915?s=809e3b03&searchId=MTc0MjMyNzcxMDQxMC4xMjIz"
Asystent IT,"https://www.pracuj.pl/praca/asystent-it-stargard,oferta,1003917501?s=809e3b03&searchId=MTc0MjMyNzcxMDQxMC4xMjIz"
Specjalista helpdesk IT,"https://www.pracuj.pl/praca/specjalista-helpdesk-it-lodz-plk-jana-kilinskiego-2,oferta,1003917406?s=809e3b03&searchId=MTc0MjMyNzcxMDQxMC4xMjIz"
Młodszy Specjalista ds. IT,"https://www.pracuj.pl/praca/mlodszy-specjalista-ds-it-skawina-podporucznika-mieczyslawa-majdzika-16,oferta,1003914247?s=809e3b03&searchId=MTc0MjMyNzcxMDQxMC4xMjIz"
Specjalista ds. helpdesk,"https://www.pracuj.pl/praca/specjalista-ds-helpdesk-olsztyn-wladyslawa-trylinskiego-16,oferta,1003913897?s=809e3b03&searchId=MTc0MjMyNzcxMDQxMC4xMjIz"
Młodszy Operator Monitorowania Usług,"https://www.pracuj.pl/praca/mlodszy-operator-monitorowania-uslug-katowice-konduktorska-33,oferta,1003913393?s=809e3b03&searchId=MTc0MjMyNzcxMDQxMC4xMjIz"
Junior Network Administrator,"https://www.pracuj.pl/praca/junior-network-administrator-krakow-mieczyslawa-medweckiego-7,oferta,1003913210?s=809e3b03&searchId=MTc0MjMyNzcxMDQxMC4xMjIz"
Wsparcie Działu Helpdesk,"https://www.pracuj.pl/praca/wsparcie-dzialu-helpdesk-warszawa-mineralna-5,oferta,1003915956?s=809e3b03&searchId=MTc0MjMyNzcxMDQxMC4xMjIz"
.NET Junior Developer,"https://www.pracuj.pl/praca/net-junior-developer-goleniow-konstytucji-3-maja-1,oferta,1003945202?s=809e3b03&searchId=MTc0MjMyNzcxMDQxMC4xMjIz"
Tester Manualny,"https://www.pracuj.pl/praca/tester-manualny-warszawa-rondo-ignacego-daszynskiego-1,oferta,1003915035?s=809e3b03&searchId=MTc0MjMyNzcxMDQxMC4xMjIz"
Pracownik zespołu szkoleniowo - utrzymaniowego z językiem węgierskim,"https://www.pracuj.pl/praca/pracownik-zespolu-szkoleniowo-utrzymaniowego-z-jezykiem-wegierskim-poznan-dabrowskiego-29,oferta,1003912178?s=809e3b03&searchId=MTc0MjMyNzcxMDQxMC4xMjIz"
Młodszy Specjalista ds. Nowych Technologii,"https://www.pracuj.pl/praca/mlodszy-specjalista-ds-nowych-technologii-lodz-aleksandrowska-67-93,oferta,1003914769?s=809e3b03&searchId=MTc0MjMyNzcxMDQxMC4xMjIz"
Młodszy Specjalista / Młodsza Specjalistka ds. IT,"https://www.pracuj.pl/praca/mlodszy-specjalista-mlodsza-specjalistka-ds-it-klucze-pow-olkuski,oferta,1003928303?s=809e3b03&searchId=MTc0MjMyNzcxMDQxMC4xMjIz"
Młodszy Specjalista IT,"https://www.pracuj.pl/praca/mlodszy-specjalista-it-suwalki,oferta,1003913474?s=809e3b03&searchId=MTc0MjMyNzcxMDQxMC4xMjIz"
Konsultant SAP w Zespole Wsparcia i Rozwoju,"https://www.pracuj.pl/praca/konsultant-sap-w-zespole-wsparcia-i-rozwoju-warszawa-prozna-9,oferta,1003943128?s=809e3b03&searchId=MTc0MjMyNzcxMDQxMC4xMjIz"
Programista / Webdeveloper,"https://www.pracuj.pl/praca/programista-webdeveloper-torun-marii-sklodowskiej-curie-59,oferta,1003911770?s=809e3b03&searchId=MTc0MjMyNzcxMDQxMC4xMjIz"
Specjalista ds. Testów,"https://www.pracuj.pl/praca/specjalista-ds-testow-bydgoszcz-fordonska-2,oferta,1003911711?s=809e3b03&searchId=MTc0MjMyNzcxMDQxMC4xMjIz"
Junior IT Support w Customer Support Center,"https://www.pracuj.pl/praca/junior-it-support-w-customer-support-center-warszawa-woloska-22,oferta,1003911479?s=809e3b03&searchId=MTc0MjMyNzcxMDQxMC4xMjIz"
Junior .NET Developer (C#) / Inżynier budownictwa,"https://www.pracuj.pl/praca/junior-net-developer-c%23-inzynier-budownictwa-poznan-slowackiego-17,oferta,1003910907?s=809e3b03&searchId=MTc0MjMyNzcxMDQxMC4xMjIz"
Młodszy specjalista ds. IT,"https://www.pracuj.pl/praca/mlodszy-specjalista-ds-it-warszawa-polczynska-31a,oferta,1003909671?s=809e3b03&searchId=MTc0MjMyNzcxMDQxMC4xMjIz"
Konsultant ds. Obsługi Klienta z językiem polskim / francuskim / duńskim lub holenderskim | RELOKACJA DO BUDAPESZTU,"https://www.pracuj.pl/praca/konsultant-ds-obslugi-klienta-z-jezykiem-polskim-francuskim-dunskim-lub-holender-katowice-morelowa-25,oferta,1003924571?s=809e3b03&searchId=MTc0MjMyNzcxMDQxMC4xMjIz"
Data Analytics and BI Specialist,"https://www.pracuj.pl/praca/data-analytics-and-bi-specialist-krakow-jana-dekerta-24,oferta,1003909458?s=809e3b03&searchId=MTc0MjMyNzcxMDQxMC4xMjIz"
Programista z j. niemieckim,"https://www.pracuj.pl/praca/programista-z-j-niemieckim-wroclaw,oferta,1003916900?s=809e3b03&searchId=MTc0MjMyNzcxMDQxMC4xMjIz"
Full Stack Developer PHP,"https://www.pracuj.pl/praca/full-stack-developer-php-warszawa-brukselska-14,oferta,1003913148?s=809e3b03&searchId=MTc0MjMyNzcxMDQxMC4xMjIz"
Młodszy informatyk / Junior IT Administrator,"https://www.pracuj.pl/praca/mlodszy-informatyk-junior-it-administrator-nowa-wies-rzeczna-pow-starogardzki-rzeczna-18,oferta,1003930077?s=809e3b03&searchId=MTc0MjMyNzcxMDQxMC4xMjIz"
Informatyk - Młodszy Specjalista HelpDesk,"https://www.pracuj.pl/praca/informatyk-mlodszy-specjalista-helpdesk-poznan,oferta,1003927807?s=809e3b03&searchId=MTc0MjMyNzcxMDQxMC4xMjIz"
Specjalista / Specjalistka ds. IT,"https://www.pracuj.pl/praca/specjalista-specjalistka-ds-it-mielec,oferta,1003911473?s=809e3b03&searchId=MTc0MjMyNzcxMDQxMC4xMjIz"
Nauczyciel IT dla Dzieci,"https://www.pracuj.pl/praca/nauczyciel-it-dla-dzieci-wroclaw-plac-swietego-macieja-21,oferta,1003921161?s=809e3b03&searchId=MTc0MjMyNzcxMDQxMC4xMjIz"
Lider / Liderka projektu,"https://www.pracuj.pl/praca/lider-liderka-projektu-szczecin-boleslawa-smialego-39,oferta,1003914118?s=809e3b03&searchId=MTc0MjMyNzcxMDQxMC4xMjIz"
Młodszy konsultant ERP,"https://www.pracuj.pl/praca/mlodszy-konsultant-erp-poznan,oferta,1003909153?s=809e3b03&searchId=MTc0MjMyNzcxMDQxMC4xMjIz"
Oferta testowa Pracuj.pl 2401182200,"https://www.pracuj.pl/praca/oferta-testowa-pracuj-pl-2401182200-cierzpiety-pow-mragowski,oferta,1002872568?s=809e3b03&searchId=MTc0MjMyNzcxMDQxMC4xMjIz"
